id;parent_id/is;code;name;;;;
ssyk_1;;1;Chefsyrken;;;;
ssyk_2;;2;Yrken med krav på fördjupad högskolekompetens;;;;
ssyk_3;;3;Yrken med krav på högskolekompetens eller motsvarande;;;;
ssyk_4;;4;Yrken inom administration och kundtjänst;;;;
ssyk_5;;5;Service-, omsorgs- och försäljningsyrken;;;;
ssyk_6;;6;Yrken inom lantbruk, trädgård, skogsbruk och fiske;;;;
ssyk_7;;7;Yrken inom byggverksamhet och tillverkning;;;;
ssyk_8;;8;Yrken inom maskinell tillverkning och transport m.m.;;;;
ssyk_9;;9;Yrken med krav på kortare utbildning eller introduktion;;;;
ssyk_11;ssyk_1;11; Politiker, verkställande direktörer och högre ämbetsmän m.fl.;;;;
ssyk_12;ssyk_1;12; Chefer inom ekonomi, HR, marknadsföring och försäljning samt annan administration m.m.;;;;
ssyk_13;ssyk_1;13; Chefer inom IT, logistik, FoU, fastighetsbolag, bygg- och ingenjörsverksamhet samt tillverkning m.m.;;;;
ssyk_14;ssyk_1;14; Chefer inom utbildning;;;;
ssyk_15;ssyk_1;15; Chefer inom hälso- och sjukvård samt annan samhällsservice;;;;
ssyk_16;ssyk_1;16; Chefer inom bank, finans och försäkring;;;;
ssyk_17;ssyk_1;17; Chefer inom övrig servicenäring;;;;
ssyk_21;ssyk_2;21; Yrken med krav på fördjupad högskolekompetens inom naturvetenskap och teknik;;;;
ssyk_22;ssyk_2;22; Yrken med krav på fördjupad högskolekompetens inom hälso- och sjukvård;;;;
ssyk_23;ssyk_2;23; Yrken med krav på fördjupad högskolekompetens inom utbildning;;;;
ssyk_24;ssyk_2;24; Yrken med krav på fördjupad högskolekompetens inom ekonomi och förvaltning;;;;
ssyk_25;ssyk_2;25; Yrken med krav på fördjupad högskolekompetens inom IT;;;;
ssyk_26;ssyk_2;26; Yrken med krav på fördjupad högskolekompetens inom juridik, kultur och socialt arbete m.m.;;;;
ssyk_31;ssyk_3;31; Yrken med krav på högskolekompetens eller motsvarande inom teknik;;;;
ssyk_32;ssyk_3;32; Yrken med krav på högskolekompetens eller motsvarande inom hälso- och sjukvård samt laboratorium;;;;
ssyk_33;ssyk_3;33; Yrken med krav på högskolekompetens eller motsvarande inom ekonomi och förvaltning;;;;
ssyk_34;ssyk_3;34; Yrken med krav på högskolekompetens eller motsvarande inom kultur, friskvård och socialt arbete;;;;
ssyk_35;ssyk_3;35; Yrken med krav på högskolekompetens eller motsvarande inom IT, ljud- och ljusteknik m.m.;;;;
ssyk_41;ssyk_4;41; Kontorsassistenter och sekreterare;;;;
ssyk_42;ssyk_4;42; Kundserviceyrken;;;;
ssyk_43;ssyk_4;43; Yrken inom materialförvaltning m.m.;;;;
ssyk_44;ssyk_4;44; Andra kontors- och kundserviceyrken;;;;
ssyk_51;ssyk_5;51; Serviceyrken;;;;
ssyk_52;ssyk_5;52; Försäljningsyrken inom detaljhandeln m.m.;;;;
ssyk_53;ssyk_5;53; Omsorgsyrken;;;;
ssyk_54;ssyk_5;54; Andra bevaknings- och säkerhetsyrken;;;;
ssyk_61;ssyk_6;61; Lantbruks- och trädgårdsyrken;;;;
ssyk_62;ssyk_6;62; Skogsarbetare, fiskodlare och fiskare;;;;
ssyk_71;ssyk_7;71; Byggnads- och anläggningsyrken;;;;
ssyk_72;ssyk_7;72; Metallhantverks- och reparatörsyrken;;;;
ssyk_73;ssyk_7;73; Finmekaniska, grafiska och konsthantverksyrken;;;;
ssyk_74;ssyk_7;74; Installations- och serviceyrken inom el och elektronik;;;;
ssyk_75;ssyk_7;75; Andra hantverksyrken inom trä och textil m.m.;;;;
ssyk_76;ssyk_7;76; Hantverksyrken inom livsmedel;;;;
ssyk_81;ssyk_8;81; Process- och maskinoperatörer;;;;
ssyk_82;ssyk_8;82; Montörer;;;;
ssyk_83;ssyk_8;83; Transport- och maskinföraryrken;;;;
ssyk_91;ssyk_9;91; Städyrken;;;;
ssyk_92;ssyk_9;92; Bärplockare och plantörer m.fl.;;;;
ssyk_93;ssyk_9;93; Andra yrken inom bygg, tillverkning och godshantering;;;;
ssyk_94;ssyk_9;94; Snabbmatspersonal, köks- och restaurangbiträden m.fl.;;;;
ssyk_95;ssyk_9;95; Torg- och marknadsförsäljare;;;;
ssyk_96;ssyk_9;96; Återvinningsarbetare, tidningsdistributörer och övriga servicearbetare;;;;
ssyk_111;ssyk_11;111; Politiker och högre ämbetsmän;;;;
ssyk_112;ssyk_11;112; Verkställande direktörer m.fl.;;;;
ssyk_121;ssyk_12;121; Ekonomi- och finanschefer;;;;
ssyk_122;ssyk_12;122; Personal- och HR-chefer;;;;
ssyk_123;ssyk_12;123; Förvaltnings- och planeringschefer;;;;
ssyk_124;ssyk_12;124; Informations-, kommunikations- och PR-chefer;;;;
ssyk_125;ssyk_12;125; Försäljnings- och marknadschefer;;;;
ssyk_129;ssyk_12;129; Övriga administrations- och servicechefer;;;;
ssyk_131;ssyk_13;131; IT-chefer;;;;
ssyk_132;ssyk_13;132; Inköps-, logistik- och transportchefer;;;;
ssyk_133;ssyk_13;133; Forsknings- och utvecklingschefer;;;;
ssyk_134;ssyk_13;134; Chefer inom arkitekt- och ingenjörsverksamhet;;;;
ssyk_135;ssyk_13;135; Fastighets- och förvaltningschefer;;;;
ssyk_136;ssyk_13;136; Driftchefer inom bygg, anläggning och gruva;;;;
ssyk_137;ssyk_13;137; Produktionschefer inom tillverkning;;;;
ssyk_138;ssyk_13;138; Förvaltare inom skogsbruk och lantbruk m.fl.;;;;
ssyk_141;ssyk_14;141; Chefer inom grund- och gymnasieskola samt vuxenutbildning;;;;
ssyk_142;ssyk_14;142; Chefer inom förskoleverksamhet;;;;
ssyk_149;ssyk_14;149; Övriga chefer inom utbildning;;;;
ssyk_151;ssyk_15;151; Chefer inom hälso- och sjukvård;;;;
ssyk_152;ssyk_15;152; Chefer inom socialt och kurativt arbete;;;;
ssyk_153;ssyk_15;153; Chefer inom äldreomsorg;;;;
ssyk_154;ssyk_15;154; Chefer och ledare inom trossamfund;;;;
ssyk_159;ssyk_15;159; Övriga chefer inom samhällsservice;;;;
ssyk_161;ssyk_16;161; Chefer inom bank, finans och försäkring;;;;
ssyk_171;ssyk_17;171; Hotell- och konferenschefer;;;;
ssyk_172;ssyk_17;172; Restaurang- och kökschefer;;;;
ssyk_173;ssyk_17;173; Chefer inom handel;;;;
ssyk_174;ssyk_17;174; Chefer inom friskvård, sport och fritid;;;;
ssyk_179;ssyk_17;179; Chefer inom övrig servicenäring;;;;
ssyk_210;ssyk_2;0210; Specialistofficerare;;;;
ssyk_211;ssyk_21;211; Fysiker och kemister m.fl.;;;;
ssyk_212;ssyk_21;212; Matematiker, aktuarier och statistiker;;;;
ssyk_213;ssyk_21;213; Biologer, farmakologer och specialister inom lant- och skogsbruk m.fl.;;;;
ssyk_214;ssyk_21;214; Civilingenjörsyrken;;;;
ssyk_215;ssyk_21;215; UTGÅR[];;;;
ssyk_216;ssyk_21;216; Arkitekter och lantmätare;;;;
ssyk_217;ssyk_21;217; Designer och formgivare;;;;
ssyk_218;ssyk_21;218; Specialister inom miljö- och hälsoskydd;;;;
ssyk_221;ssyk_22;221; Läkare;;;;
ssyk_222;ssyk_22;222; Sjuksköterskor;;;;
ssyk_223;ssyk_22;223; Sjuksköterskor (fortsättning);;;;
ssyk_224;ssyk_22;224; Psykologer och psykoterapeuter;;;;
ssyk_225;ssyk_22;225; Veterinärer;;;;
ssyk_226;ssyk_22;226; Tandläkare;;;;
ssyk_227;ssyk_22;227; Naprapater, sjukgymnaster och arbetsterapeuter m.fl.;;;;
ssyk_228;ssyk_22;228; Andra specialister inom hälso- och sjukvård;;;;
ssyk_231;ssyk_23;231; Universitets- och högskollärare;;;;
ssyk_232;ssyk_23;232; Lärare i yrkesämnen;;;;
ssyk_233;ssyk_23;233; Gymnasielärare;;;;
ssyk_234;ssyk_23;234; Grundskollärare, fritidspedagoger och förskollärare;;;;
ssyk_235;ssyk_23;235; Andra pedagoger med teoretisk specialistkompetens;;;;
ssyk_241;ssyk_24;241; Revisorer, finansanalytiker och fondförvaltare m.fl.;;;;
ssyk_242;ssyk_24;242; Organisationsutvecklare, utredare och HR-specialister m.fl.;;;;
ssyk_243;ssyk_24;243; Marknadsförare och informatörer m.fl.;;;;
ssyk_251;ssyk_25;251; IT-arkitekter, systemutvecklare och testledare m.fl.;;;;
ssyk_252;ssyk_25;252; UTGÅR[];;;;
ssyk_261;ssyk_26;261; Jurister;;;;
ssyk_262;ssyk_26;262; Museiintendenter och bibliotekarier m.fl.;;;;
ssyk_263;ssyk_26;263; Utgår[];;;;
ssyk_264;ssyk_26;264; Författare, journalister och tolkar m.fl.;;;;
ssyk_265;ssyk_26;265; Konstnärer, musiker och skådespelare m.fl.;;;;
ssyk_266;ssyk_26;266; Socialsekreterare och kuratorer m.fl.;;;;
ssyk_267;ssyk_26;267; Präster och diakoner;;;;
ssyk_310;ssyk_3;0310; Soldater m.fl.;;;;
ssyk_311;ssyk_31;311; Ingenjörer och tekniker;;;;
ssyk_312;ssyk_31;312; Arbetsledare inom bygg och tillverkning m.m.;;;;
ssyk_313;ssyk_31;313; UTGÅR[];;;;
ssyk_314;ssyk_31;314; UTGÅR[];;;;
ssyk_315;ssyk_31;315; Piloter, fartygs- och maskinbefäl m.fl.;;;;
ssyk_321;ssyk_32;321; Biomedicinska analytiker, tandtekniker och laboratorieingenjörer m.fl.;;;;
ssyk_322;ssyk_32;322; UTGÅR[];;;;
ssyk_323;ssyk_32;323; Terapeuter inom alternativmedicin;;;;
ssyk_324;ssyk_32;324; Djursjukskötare;;;;
ssyk_325;ssyk_32;325; Tandhygienister;;;;
ssyk_331;ssyk_33;331; Banktjänstemän och redovisningsekonomer m.fl.;;;;
ssyk_332;ssyk_33;332; Försäkringsrådgivare, företagssäljare och inköpare m.fl.;;;;
ssyk_333;ssyk_33;333; Förmedlare m.fl.;;;;
ssyk_334;ssyk_33;334; Juristsekreterare, chefssekreterare och institutionssekreterare m.fl.;;;;
ssyk_335;ssyk_33;335; Skatte- och socialförsäkringshandläggare m.fl.;;;;
ssyk_336;ssyk_33;336; Poliser;;;;
ssyk_341;ssyk_34;341;Behandlingsassistenter och pastorer;;;;
ssyk_342;ssyk_34;342; Idrottsutövare och fritidsledare m.fl.;;;;
ssyk_343;ssyk_34;343; Fotografer, dekoratörer och underhållningsartister m.fl.;;;;
ssyk_344;ssyk_34;344; Trafiklärare och instruktörer;;;;
ssyk_345;ssyk_34;345; Köksmästare och souschefer;;;;
ssyk_351;ssyk_35;351; Drift-, support- och nätverkstekniker m.fl.;;;;
ssyk_352;ssyk_35;352; Bild-, ljud- och ljustekniker m.fl.;;;;
ssyk_411;ssyk_41;411; Kontorsassistenter och sekreterare;;;;
ssyk_421;ssyk_42;421; Croupierer och inkasserare;;;;
ssyk_422;ssyk_42;422; Resesäljare, kundtjänstpersonal och receptionister m.fl.;;;;
ssyk_431;ssyk_43;431; Utgår[];;;;
ssyk_432;ssyk_43;432; Lagerpersonal och transportledare m.fl.;;;;
ssyk_441;ssyk_44;441; Biblioteks- och arkivassistenter m.fl.;;;;
ssyk_442;ssyk_44;442; Brevbärare och postterminalarbetare;;;;
ssyk_443;ssyk_44;443; Övrig kontorspersonal;;;;
ssyk_511;ssyk_51;511; Kabinpersonal, tågmästare och guider m.fl.;;;;
ssyk_512;ssyk_51;512; Kockar och kallskänkor;;;;
ssyk_513;ssyk_51;513; Hovmästare, servitörer och bartendrar;;;;
ssyk_514;ssyk_51;514; Skönhets- och kroppsterapeuter;;;;
ssyk_515;ssyk_51;515; Städledare och fastighetsskötare m.fl.;;;;
ssyk_516;ssyk_51;516; Övrig servicepersonal;;;;
ssyk_521;ssyk_52;521; UTGÅR[];;;;
ssyk_522;ssyk_52;522; Butikspersonal;;;;
ssyk_523;ssyk_52;523; Kassapersonal m.fl.;;;;
ssyk_524;ssyk_52;524; Eventsäljare och telefonförsäljare m.fl.;;;;
ssyk_531;ssyk_53;531; Barnskötare och elevassistenter m.fl.;;;;
ssyk_532;ssyk_53;532; Undersköterskor;;;;
ssyk_533;ssyk_53;533; Vårdbiträden;;;;
ssyk_534;ssyk_53;534; Skötare, vårdare och personliga assistenter m.fl.;;;;
ssyk_535;ssyk_53;535; Tandsköterskor;;;;
ssyk_541;ssyk_54;541; Andra bevaknings- och säkerhetsyrken;;;;
ssyk_611;ssyk_61;611; Växtodlare inom jordbruk och trädgård;;;;
ssyk_612;ssyk_61;612; Djuruppfödare och djurskötare;;;;
ssyk_613;ssyk_61;613; Växtodlare och djuruppfödare, blandad drift;;;;
ssyk_621;ssyk_62;621; Skogsarbetare;;;;
ssyk_622;ssyk_62;622; Fiskodlare och fiskare;;;;
ssyk_711;ssyk_71;711; Snickare, murare och anläggningsarbetare;;;;
ssyk_712;ssyk_71;712; Takmontörer, golvläggare och VVS-montörer m.fl.;;;;
ssyk_713;ssyk_71;713; Målare, lackerare och skorstensfejare m.fl.;;;;
ssyk_721;ssyk_72;721; Gjutare, svetsare och plåtslagare m.fl.;;;;
ssyk_722;ssyk_72;722; Smeder och verktygsmakare m.fl.;;;;
ssyk_723;ssyk_72;723; Fordonsmekaniker och reparatörer m.fl.;;;;
ssyk_731;ssyk_73;731; Finmekaniker och konsthantverkare m.fl.;;;;
ssyk_732;ssyk_73;732; Prepresstekniker, tryckare och bokbindare m.fl.;;;;
ssyk_741;ssyk_74;741; Installations- och industrielektriker m.fl.;;;;
ssyk_742;ssyk_74;742; Elektronikreparatörer och kommunikationselektriker m.fl.;;;;
ssyk_751;ssyk_75;751; Utgår[];;;;
ssyk_752;ssyk_75;752; Ytbehandlare, trä och möbelsnickare m.fl.;;;;
ssyk_753;ssyk_75;753; Skräddare, tapetserare och läderhantverkare m.fl.;;;;
ssyk_761;ssyk_76;761; Slaktare, bagare och livsmedelsförädlare m.fl.;;;;
ssyk_811;ssyk_81;811; Malmförädlingsyrken och brunnsborrare m.fl.;;;;
ssyk_812;ssyk_81;812; Process- och maskinoperatörer, vid stål- och metallverk;;;;
ssyk_813;ssyk_81;813; Maskinoperatörer, kemiska och farmaceutiska produkter m.m.;;;;
ssyk_814;ssyk_81;814; Maskinoperatörer, gummi-, plast- och pappersvaruindustri;;;;
ssyk_815;ssyk_81;815; Maskinoperatörer, textil-, tvätt- och läderindustri m.m.;;;;
ssyk_816;ssyk_81;816; Maskinoperatörer, livsmedelsindustri;;;;
ssyk_817;ssyk_81;817; Processoperatörer, trä- och pappersindustri;;;;
ssyk_818;ssyk_81;818; Andra process- och maskinoperatörer;;;;
ssyk_819;ssyk_81;819; Drifttekniker och processövervakare;;;;
ssyk_821;ssyk_82;821; Montörer;;;;
ssyk_831;ssyk_83;831; Lokförare och bangårdspersonal;;;;
ssyk_832;ssyk_83;832; Bil-, motorcykel och cykelförare;;;;
ssyk_833;ssyk_83;833; Lastbils- och bussförare;;;;
ssyk_834;ssyk_83;834; Maskinförare;;;;
ssyk_835;ssyk_83;835; Matroser och jungmän m.fl.;;;;
ssyk_911;ssyk_91;911; Städare och hemservicepersonal m.fl.;;;;
ssyk_912;ssyk_91;912; Tvättare, fönsterputsare och övriga rengöringsarbetare;;;;
ssyk_921;ssyk_92;921; Bärplockare och plantörer m.fl.;;;;
ssyk_931;ssyk_93;931; Grovarbetare inom bygg och anläggning;;;;
ssyk_932;ssyk_93;932; Handpaketerare och andra fabriksarbetare;;;;
ssyk_933;ssyk_93;933; Hamnarbetare och ramppersonal m.fl.;;;;
ssyk_941;ssyk_94;941; Snabbmatspersonal, köks- och restaurangbiträden m.fl.;;;;
ssyk_951;ssyk_95;951; Utgår[];;;;
ssyk_952;ssyk_95;952; Torg- och marknadsförsäljare;;;;
ssyk_961;ssyk_96;961; Återvinningsarbetare;;;;
ssyk_962;ssyk_96;962; Tidningsdistributörer, vaktmästare och övriga servicearbetare;;;;
ssyk_1111;ssyk_111;1111; Politiker;;;;
ssyk_1112;ssyk_111;1112; General-, landstings- och kommundirektörer m.fl.;;;;
ssyk_1113;ssyk_111;1113; Chefstjänstemän i intresseorganisationer;;;;
ssyk_1120;ssyk_112;1120; Verkställande direktörer m.fl.;;;;
ssyk_1211;ssyk_121;1211; Ekonomi- och finanschefer;;;;
ssyk_1212;ssyk_121;1212; Ekonomi- och finanschefer;;;;
ssyk_1221;ssyk_122;1221; Personal- och HR-chefer;;;;
ssyk_1222;ssyk_122;1222; Personal- och HR-chefer;;;;
ssyk_1230;ssyk_123;1230; Förvaltnings- och planeringschefer;;;;
ssyk_1241;ssyk_124;1241; Informations-, kommunikations- och PR-chefer;;;;
ssyk_1242;ssyk_124;1242; Informations-, kommunikations - och PR-chefer;;;;
ssyk_1251;ssyk_125;1251; Försäljnings- och marknadschefer;;;;
ssyk_1252;ssyk_125;1252; Försäljnings- och marknadschefer;;;;
ssyk_1291;ssyk_129;1291; Övriga administrations- och servicechefer;;;;
ssyk_1292;ssyk_129;1292; Övriga administrations- och servicechefer;;;;
ssyk_1311;ssyk_131;1311; IT-chefer;;;;
ssyk_1312;ssyk_131;1312; IT-chefer;;;;
ssyk_1321;ssyk_132;1321; Inköps-, logistik- och transportchefer;;;;
ssyk_1322;ssyk_132;1322; Inköps-, logistik- och transportchefer;;;;
ssyk_1331;ssyk_133;1331; Forsknings- och utvecklingschefer;;;;
ssyk_1332;ssyk_133;1332; Forsknings- och utvecklingschefer;;;;
ssyk_1341;ssyk_134;1341; Chefer inom arkitekt- och ingenjörsverksamhet;;;;
ssyk_1342;ssyk_134;1342; Chefer inom arkitekt- och ingenjörsverksamhet;;;;
ssyk_1351;ssyk_135;1351; Fastighets- och förvaltningschefer;;;;
ssyk_1352;ssyk_135;1352; Fastighets- och förvaltningschefer;;;;
ssyk_1361;ssyk_136;1361; Driftchefer inom bygg, anläggning och gruva;;;;
ssyk_1362;ssyk_136;1362; Driftchefer inom bygg, anläggning och gruva;;;;
ssyk_1371;ssyk_137;1371; Produktionschefer inom tillverkning;;;;
ssyk_1372;ssyk_137;1372; Produktionschefer inom tillverkning;;;;
ssyk_1380;ssyk_138;1380; Förvaltare inom skogsbruk och lantbruk m.fl.;;;;
ssyk_1411;ssyk_141;1411; Avdelningschefer inom grund- och gymnasieskola samt vuxenutbildning;;;;
ssyk_1412;ssyk_141;1412; Rektorer;;;;
ssyk_1421;ssyk_142;1421; Avdelningschefer inom förskola;;;;
ssyk_1422;ssyk_142;1422; Förskolechefer;;;;
ssyk_1491;ssyk_149;1491; Övriga avdelningschefer inom utbildning;;;;
ssyk_1492;ssyk_149;1492; Övriga verksamhetschefer inom utbildning;;;;
ssyk_1511;ssyk_151;1511; Klinik- och verksamhetschefer inom hälsa och sjukvård;;;;
ssyk_1512;ssyk_151;1512; Avdelnings- och enhetschefer inom hälsa och sjukvård;;;;
ssyk_1521;ssyk_152;1521; Avdelningschefer inom socialt och kurativt arbete;;;;
ssyk_1522;ssyk_152;1522; Enhetschefer inom socialt och kurativt arbete;;;;
ssyk_1531;ssyk_153;1531; Avdelningschefer inom äldreomsorg;;;;
ssyk_1532;ssyk_153;1532; Enhetschefer inom äldreomsorg;;;;
ssyk_1540;ssyk_154;1540; Chefer och ledare inom trossamfund;;;;
ssyk_1591;ssyk_159;1591; Övriga chefer inom samhällsservice;;;;
ssyk_1592;ssyk_159;1592; Övriga verksamhetschefer inom samhällsservice;;;;
ssyk_1611;ssyk_161;1611; Chefer inom bank, finans och försäkring;;;;
ssyk_1612;ssyk_161;1612; Chefer inom bank, finans och försäkring;;;;
ssyk_1711;ssyk_171;1711; Hotell- och konferenschefer;;;;
ssyk_1712;ssyk_171;1712; Hotell- och konferenschefer;;;;
ssyk_1721;ssyk_172;1721; Restaurang- och kökschefer;;;;
ssyk_1722;ssyk_172;1722; Restaurang- och kökschefer;;;;
ssyk_1731;ssyk_173;1731; Chefer inom handel;;;;
ssyk_1732;ssyk_173;1732; Chefer inom handel;;;;
ssyk_1741;ssyk_174;1741; Chefer inom friskvård, sport och fritid;;;;
ssyk_1742;ssyk_174;1742; Chefer inom friskvård, sport och fritid;;;;
ssyk_1791;ssyk_179;1791; Chefer inom övrig servicenäring;;;;
ssyk_1792;ssyk_179;1792; Chefer inom övrig servicenäring;;;;
ssyk_2111;ssyk_211;2111; Fysiker och astronomer;;;;
ssyk_2112;ssyk_211;2112; Meteorologer;;;;
ssyk_2113;ssyk_211;2113; Kemister;;;;
ssyk_2114;ssyk_211;2114; Geologer och geofysiker m.fl.;;;;
ssyk_2121;ssyk_212;2121; Matematiker och aktuarier;;;;
ssyk_2122;ssyk_212;2122; Statistiker;;;;
ssyk_2131;ssyk_213;2131; Cell- och molekylärbiologer m.fl.;;;;
ssyk_2132;ssyk_213;2132; Växt- och djurbiologer;;;;
ssyk_2133;ssyk_213;2133; Farmakologer och biomedicinare;;;;
ssyk_2134;ssyk_213;2134; Specialister och rådgivare inom lantbruk m.m.;;;;
ssyk_2135;ssyk_213;2135; Specialister och rådgivare inom skogsbruk;;;;
ssyk_2141;ssyk_214;2141; Civilingenjörsyrken inom logistik och produktionsplanering;;;;
ssyk_2142;ssyk_214;2142; Civilingenjörsyrken inom bygg och anläggning;;;;
ssyk_2143;ssyk_214;2143; Civilingenjörsyrken inom elektroteknik;;;;
ssyk_2144;ssyk_214;2144; Civilingenjörsyrken inom maskinteknik;;;;
ssyk_2145;ssyk_214;2145; Civilingenjörsyrken inom kemi och kemiteknik;;;;
ssyk_2146;ssyk_214;2146; Civilingenjörsyrken inom gruvteknik och metallurgi;;;;
ssyk_2149;ssyk_214;2149; Övriga civilingenjörsyrken;;;;
ssyk_2161;ssyk_216;2161; Arkitekter m.fl.;;;;
ssyk_2162;ssyk_216;2162; Landskapsarkitekter;;;;
ssyk_2163;ssyk_216;2163; Planeringsarkitekter m.fl.;;;;
ssyk_2164;ssyk_216;2164; Lantmätare;;;;
ssyk_2171;ssyk_217;2171; Industridesigner;;;;
ssyk_2172;ssyk_217;2172; Grafisk formgivare m.fl.;;;;
ssyk_2173;ssyk_217;2173; Designer inom spel och digitala medier;;;;
ssyk_2179;ssyk_217;2179; Övriga designer och formgivare;;;;
ssyk_2181;ssyk_218;2181; Arbetsmiljöingenjörer, yrkes- och miljöhygieniker;;;;
ssyk_2182;ssyk_218;2182; Miljö- och hälsoskyddsinspektörer;;;;
ssyk_2183;ssyk_218;2183; Specialister inom miljöskydd och miljöteknik;;;;
ssyk_2211;ssyk_221;2211; Specialistläkare;;;;
ssyk_2212;ssyk_221;2212; ST-läkare;;;;
ssyk_2213;ssyk_221;2213; AT-läkare;;;;
ssyk_2219;ssyk_221;2219; Övriga läkare;;;;
ssyk_2221;ssyk_222;2221; Grundutbildade sjuksköterskor;;;;
ssyk_2222;ssyk_222;2222; Barnmorskor;;;;
ssyk_2223;ssyk_222;2223; Anestesisjuksköterskor;;;;
ssyk_2224;ssyk_222;2224; Distriktssköterskor;;;;
ssyk_2225;ssyk_222;2225; Psykiatrisjuksköterskor;;;;
ssyk_2226;ssyk_222;2226; Ambulanssjuksköterskor m.fl.;;;;
ssyk_2227;ssyk_222;2227; Geriatriksjuksköterskor;;;;
ssyk_2228;ssyk_222;2228; Intensivvårdssjuksköterskor;;;;
ssyk_2231;ssyk_223;2231; Operationssjuksköterskor;;;;
ssyk_2232;ssyk_223;2232; Barnsjuksköterskor;;;;
ssyk_2233;ssyk_223;2233; Skolsköterskor;;;;
ssyk_2234;ssyk_223;2234; Företagssköterskor;;;;
ssyk_2235;ssyk_223;2235; Röntgensjuksköterskor;;;;
ssyk_2239;ssyk_223;2239; Övriga specialistsjuksköterskor;;;;
ssyk_2241;ssyk_224;2241; Psykologer;;;;
ssyk_2242;ssyk_224;2242; Psykoterapeuter;;;;
ssyk_2250;ssyk_225;2250; Veterinärer;;;;
ssyk_2260;ssyk_226;2260; Tandläkare;;;;
ssyk_2271;ssyk_227;2271; Kiropraktorer och naprapater m.fl.;;;;
ssyk_2272;ssyk_227;2272; Sjukgymnaster;;;;
ssyk_2273;ssyk_227;2273; Arbetsterapeuter;;;;
ssyk_2281;ssyk_228;2281; Apotekare;;;;
ssyk_2282;ssyk_228;2282; Dietister;;;;
ssyk_2283;ssyk_228;2283; Audionomer och logopeder;;;;
ssyk_2284;ssyk_228;2284; Optiker;;;;
ssyk_2289;ssyk_228;2289; Övriga specialister inom hälso- och sjukvård;;;;
ssyk_2311;ssyk_231;2311; Professorer;;;;
ssyk_2312;ssyk_231;2312; Universitets- och högskolelektorer;;;;
ssyk_2313;ssyk_231;2313; Forskarassistenter m.fl.;;;;
ssyk_2314;ssyk_231;2314; Doktorander;;;;
ssyk_2319;ssyk_231;2319; Övriga universitets- och högskollärare;;;;
ssyk_2320;ssyk_232;2320; Lärare i yrkesämnen;;;;
ssyk_2330;ssyk_233;2330; Gymnasielärare;;;;
ssyk_2341;ssyk_234;2341; Grundskollärare;;;;
ssyk_2342;ssyk_234;2342; Fritidspedagoger;;;;
ssyk_2343;ssyk_234;2343; Förskollärare;;;;
ssyk_2351;ssyk_235;2351; Speciallärare och specialpedagoger m.fl.;;;;
ssyk_2352;ssyk_235;2352; Studie- och yrkesvägledare;;;;
ssyk_2359;ssyk_235;2359; Övriga pedagoger med teoretisk specialistkompetens;;;;
ssyk_2411;ssyk_241;2411; Revisorer m.fl.;;;;
ssyk_2412;ssyk_241;2412; Controller;;;;
ssyk_2413;ssyk_241;2413; Finansanalytiker och investeringsrådgivare m.fl.;;;;
ssyk_2414;ssyk_241;2414; Traders och fondförvaltare;;;;
ssyk_2415;ssyk_241;2415; Nationalekonomer och makroanalytiker m.fl.;;;;
ssyk_2419;ssyk_241;2419; Övriga ekonomer;;;;
ssyk_2421;ssyk_242;2421; Lednings- och organisationsutvecklare;;;;
ssyk_2422;ssyk_242;2422; Planerare och utredare m.fl.;;;;
ssyk_2423;ssyk_242;2423; Personal- och HR-specialister;;;;
ssyk_2431;ssyk_243;2431; Marknadsanalytiker och marknadsförare m.fl.;;;;
ssyk_2432;ssyk_243;2432; Informatörer, kommunikatörer och PR-specialister;;;;
ssyk_2511;ssyk_251;2511; Systemanalytiker och IT-arkitekter m.fl.;;;;
ssyk_2512;ssyk_251;2512; Mjukvaru- och systemutvecklare m.fl.;;;;
ssyk_2513;ssyk_251;2513; Utvecklare inom spel och digitala media;;;;
ssyk_2514;ssyk_251;2514; Systemtestare och testledare;;;;
ssyk_2515;ssyk_251;2515; Systemförvaltare m.fl.;;;;
ssyk_2516;ssyk_251;2516; IT-säkerhetsspecialister;;;;
ssyk_2519;ssyk_251;2519; Övriga IT-specialister;;;;
ssyk_2611;ssyk_261;2611; Advokater;;;;
ssyk_2612;ssyk_261;2612; Domare;;;;
ssyk_2613;ssyk_261;2613; Åklagare;;;;
ssyk_2614;ssyk_261;2614; Affärs- och företagsjurister;;;;
ssyk_2615;ssyk_261;2615; Förvaltnings- och organisationsjurister;;;;
ssyk_2619;ssyk_261;2619; Övriga jurister;;;;
ssyk_2621;ssyk_262;2621; Museiintendenter m.fl.;;;;
ssyk_2622;ssyk_262;2622; Bibliotekarier och arkivarier;;;;
ssyk_2623;ssyk_262;2623; Arkeologer och specialister inom humaniora m.m.;;;;
ssyk_2641;ssyk_264;2641; Författare m.fl.;;;;
ssyk_2642;ssyk_264;2642; Journalister m.fl.;;;;
ssyk_2643;ssyk_264;2643; Översättare, tolkar och lingvister m.fl.;;;;
ssyk_2651;ssyk_265;2651; Bildkonstnärer m.fl.;;;;
ssyk_2652;ssyk_265;2652; Musiker, sångare och kompositörer;;;;
ssyk_2653;ssyk_265;2653; Koreografer och dansare;;;;
ssyk_2654;ssyk_265;2654; Regissörer och producenter av film, teater m.m.;;;;
ssyk_2655;ssyk_265;2655; Skådespelare;;;;
ssyk_2661;ssyk_266;2661; Socialsekreterare;;;;
ssyk_2662;ssyk_266;2662; Kuratorer;;;;
ssyk_2663;ssyk_266;2663; Biståndsbedömare m.fl.;;;;
ssyk_2669;ssyk_266;2669; Övriga yrken inom socialt arbete;;;;
ssyk_2671;ssyk_267;2671; Präster;;;;
ssyk_2672;ssyk_267;2672; Diakoner;;;;
ssyk_3111;ssyk_311;3111; Ingenjörer och tekniker inom industri, logistik och produktionsplanering;;;;
ssyk_3112;ssyk_311;3112; Ingenjörer och tekniker inom bygg och anläggning;;;;
ssyk_3113;ssyk_311;3113; Ingenjörer och tekniker inom elektroteknik;;;;
ssyk_3114;ssyk_311;3114; Ingenjörer och tekniker inom maskinteknik;;;;
ssyk_3115;ssyk_311;3115; Ingenjörer och tekniker inom kemi och kemiteknik;;;;
ssyk_3116;ssyk_311;3116; Ingenjörer och tekniker inom gruvteknik och metallurgi;;;;
ssyk_3117;ssyk_311;3117; GIS- och kartingenjörer;;;;
ssyk_3119;ssyk_311;3119; Övriga ingenjörer och tekniker;;;;
ssyk_3121;ssyk_312;3121; Arbetsledare inom bygg, anläggning och gruva;;;;
ssyk_3122;ssyk_312;3122; Arbetsledare inom tillverkning;;;;
ssyk_3151;ssyk_315;3151; Maskinbefäl;;;;
ssyk_3152;ssyk_315;3152; Fartygsbefäl m.fl.;;;;
ssyk_3153;ssyk_315;3153; Piloter m.fl.;;;;
ssyk_3154;ssyk_315;3154; Flygledare;;;;
ssyk_3155;ssyk_315;3155; Flygtekniker;;;;
ssyk_3211;ssyk_321;3211; Tekniker, bilddiagnostik och medicinteknisk utrustning;;;;
ssyk_3212;ssyk_321;3212; Biomedicinska analytiker m.fl.;;;;
ssyk_3213;ssyk_321;3213; Receptarier;;;;
ssyk_3214;ssyk_321;3214; Tandtekniker och ortopedingenjörer m.fl.;;;;
ssyk_3215;ssyk_321;3215; Laboratorieingenjörer;;;;
ssyk_3230;ssyk_323;3230; Terapeuter inom alternativmedicin;;;;
ssyk_3240;ssyk_324;3240; Djursjukskötare m.fl.;;;;
ssyk_3250;ssyk_325;3250; Tandhygienister;;;;
ssyk_3311;ssyk_331;3311; Mäklare inom finans;;;;
ssyk_3312;ssyk_331;3312; Banktjänstemän;;;;
ssyk_3313;ssyk_331;3313; Redovisningsekonomer;;;;
ssyk_3314;ssyk_331;3314; Skadereglerare och värderare;;;;
ssyk_3321;ssyk_332;3321; Försäkringssäljare och försäkringsrådgivare;;;;
ssyk_3322;ssyk_332;3322; Företagssäljare;;;;
ssyk_3323;ssyk_332;3323; Inköpare och upphandlare;;;;
ssyk_3324;ssyk_332;3324; Ordersamordnare m.fl.;;;;
ssyk_3331;ssyk_333;3331; Speditörer och transportmäklare;;;;
ssyk_3332;ssyk_333;3332; Evenemangs- och reseproducenter m.fl.;;;;
ssyk_3333;ssyk_333;3333; Arbetsförmedlare;;;;
ssyk_3334;ssyk_333;3334; Fastighetsmäklare;;;;
ssyk_3335;ssyk_333;3335; Fastighetsförvaltare;;;;
ssyk_3339;ssyk_333;3339; Övriga förmedlare;;;;
ssyk_3341;ssyk_334;3341; Gruppledare för kontorspersonal;;;;
ssyk_3342;ssyk_334;3342; Domstols- och juristsekreterare m.fl.;;;;
ssyk_3343;ssyk_334;3343; Chefssekreterare och VD-assistenter m.fl.;;;;
ssyk_3351;ssyk_335;3351; Tull- och kustbevakningstjänstemän;;;;
ssyk_3352;ssyk_335;3352; Skattehandläggare;;;;
ssyk_3353;ssyk_335;3353; Socialförsäkringshandläggare;;;;
ssyk_3354;ssyk_335;3354; Säkerhetsinspektörer m.fl.;;;;
ssyk_3355;ssyk_335;3355; Brandingenjörer och byggnadsinspektörer m.fl.;;;;
ssyk_3359;ssyk_335;3359; Övriga handläggare;;;;
ssyk_3360;ssyk_336;3360; Poliser;;;;
ssyk_3411;ssyk_341;3411; Behandlingsassistenter och socialpedagoger m.fl.;;;;
ssyk_3412;ssyk_341;3412; Pastorer m.fl.;;;;
ssyk_3421;ssyk_342;3421; Professionella idrottsutövare;;;;
ssyk_3422;ssyk_342;3422; Idrottstränare och instruktörer m.fl.;;;;
ssyk_3423;ssyk_342;3423; Fritidsledare m.fl.;;;;
ssyk_3424;ssyk_342;3424; Friskvårdskonsulenter och hälsopedagoger m.fl.;;;;
ssyk_3431;ssyk_343;3431; Fotografer;;;;
ssyk_3432;ssyk_343;3432; Inredare, dekoratörer och scenografer m.fl.;;;;
ssyk_3433;ssyk_343;3433; Inspicienter och scriptor m.fl.;;;;
ssyk_3439;ssyk_343;3439; Övriga yrken inom kultur och underhållning;;;;
ssyk_3441;ssyk_344;3441; Trafiklärare;;;;
ssyk_3449;ssyk_344;3449; Övriga utbildare och instruktörer;;;;
ssyk_3451;ssyk_345;3451; Köksmästare och souschefer;;;;
ssyk_3452;ssyk_345;3452; Storhushållsföreståndare;;;;
ssyk_3511;ssyk_351;3511; Drifttekniker, IT;;;;
ssyk_3512;ssyk_351;3512; Supporttekniker, IT;;;;
ssyk_3513;ssyk_351;3513; Systemadministratörer;;;;
ssyk_3514;ssyk_351;3514; Nätverks- och systemtekniker m.fl.;;;;
ssyk_3515;ssyk_351;3515; Webbmaster och webbadministratörer;;;;
ssyk_3521;ssyk_352;3521; Bild- och sändningstekniker;;;;
ssyk_3522;ssyk_352;3522; Ljus-, ljud och scentekniker;;;;
ssyk_4111;ssyk_411;4111; Ekonomiassistenter m.fl.;;;;
ssyk_4112;ssyk_411;4112; Löne- och personaladministratörer;;;;
ssyk_4113;ssyk_411;4113; Backofficepersonal m.fl.;;;;
ssyk_4114;ssyk_411;4114; Marknads- och försäljningsassistenter;;;;
ssyk_4115;ssyk_411;4115; Inköps- och orderassistenter;;;;
ssyk_4116;ssyk_411;4116; Skolassistenter m.fl.;;;;
ssyk_4117;ssyk_411;4117; Medicinska sekreterare, vårdadministratörer m.fl.;;;;
ssyk_4119;ssyk_411;4119; Övriga kontorsassistenter och sekreterare;;;;
ssyk_4211;ssyk_421;4211; Croupierer och oddssättare m.fl.;;;;
ssyk_4212;ssyk_421;4212; Inkasserare och pantlånare m.fl.;;;;
ssyk_4221;ssyk_422;4221; Resesäljare och trafikassistenter m.fl.;;;;
ssyk_4222;ssyk_422;4222; Kundtjänstpersonal;;;;
ssyk_4223;ssyk_422;4223; Telefonister;;;;
ssyk_4224;ssyk_422;4224; Hotellreceptionister m.fl.;;;;
ssyk_4225;ssyk_422;4225; Kontorsreceptionister;;;;
ssyk_4226;ssyk_422;4226; Marknadsundersökare och intervjuare;;;;
ssyk_4321;ssyk_432;4321; Arbetsledare inom lager och terminal;;;;
ssyk_4322;ssyk_432;4322; Lager- och terminalpersonal;;;;
ssyk_4323;ssyk_432;4323; Transportledare och transportsamordnare;;;;
ssyk_4410;ssyk_441;4410; Biblioteks- och arkivassistenter m.fl.;;;;
ssyk_4420;ssyk_442;4420; Brevbärare och postterminalarbetare;;;;
ssyk_4430;ssyk_443;4430; Förtroendevalda;;;;
ssyk_5111;ssyk_511;5111; Kabinpersonal m.fl.;;;;
ssyk_5112;ssyk_511;5112; Tågvärdar och ombordansvariga m.fl.;;;;
ssyk_5113;ssyk_511;5113; Guider och reseledare;;;;
ssyk_5120;ssyk_512;5120; Kockar och kallskänkor;;;;
ssyk_5131;ssyk_513;5131; Hovmästare och servitörer;;;;
ssyk_5132;ssyk_513;5132; Bartendrar;;;;
ssyk_5141;ssyk_514;5141; Frisörer;;;;
ssyk_5142;ssyk_514;5142; Hudterapeuter;;;;
ssyk_5143;ssyk_514;5143; Massörer och massageterapeuter;;;;
ssyk_5144;ssyk_514;5144; Fotterapeuter;;;;
ssyk_5149;ssyk_514;5149; Övriga skönhets- och kroppsterapeuter;;;;
ssyk_5151;ssyk_515;5151; Städledare och husfruar;;;;
ssyk_5152;ssyk_515;5152; Fastighetsskötare;;;;
ssyk_5161;ssyk_516;5161; Begravnings- och krematoriepersonal;;;;
ssyk_5169;ssyk_516;5169; Övrig servicepersonal;;;;
ssyk_5221;ssyk_522;5221; Säljande butikschefer och avdelningschefer i butik;;;;
ssyk_5222;ssyk_522;5222; Butikssäljare, dagligvaror;;;;
ssyk_5223;ssyk_522;5223; Butikssäljare, fackhandel;;;;
ssyk_5224;ssyk_522;5224; Optikerassistenter;;;;
ssyk_5225;ssyk_522;5225; Bensinstationspersonal;;;;
ssyk_5226;ssyk_522;5226; Uthyrare;;;;
ssyk_5227;ssyk_522;5227; Apotekstekniker;;;;
ssyk_5230;ssyk_523;5230; Kassapersonal m.fl.;;;;
ssyk_5241;ssyk_524;5241; Eventsäljare och butiksdemonstratörer m.fl.;;;;
ssyk_5242;ssyk_524;5242; Telefonförsäljare m.fl.;;;;
ssyk_5311;ssyk_531;5311; Barnskötare;;;;
ssyk_5312;ssyk_531;5312; Elevassistenter m.fl.;;;;
ssyk_5321;ssyk_532;5321; Undersköterskor, hemtjänst, hemsjukvård och äldreboende;;;;
ssyk_5322;ssyk_532;5322; Undersköterskor, habilitering;;;;
ssyk_5323;ssyk_532;5323; Undersköterskor, vård- och specialavdelning;;;;
ssyk_5324;ssyk_532;5324; Undersköterskor, mottagning;;;;
ssyk_5325;ssyk_532;5325; Barnsköterskor;;;;
ssyk_5326;ssyk_532;5326; Ambulanssjukvårdare;;;;
ssyk_5330;ssyk_533;5330; Vårdbiträden;;;;
ssyk_5341;ssyk_534;5341; Skötare;;;;
ssyk_5342;ssyk_534;5342; Vårdare, boendestödjare;;;;
ssyk_5343;ssyk_534;5343; Personliga assistenter;;;;
ssyk_5349;ssyk_534;5349; Övrig vård- och omsorgspersonal;;;;
ssyk_5350;ssyk_535;5350; Tandsköterskor;;;;
ssyk_5411;ssyk_541;5411; Brandmän;;;;
ssyk_5412;ssyk_541;5412; Kriminalvårdare;;;;
ssyk_5413;ssyk_541;5413; Väktare och ordningsvakter;;;;
ssyk_5414;ssyk_541;5414; SOS-operatörer m.fl.;;;;
ssyk_5419;ssyk_541;5419; Övrig bevaknings- och säkerhetspersonal;;;;
ssyk_6111;ssyk_611;6111; Odlare av jordbruksväxter, frukt- och bär;;;;
ssyk_6112;ssyk_611;6112; Trädgårdsodlare;;;;
ssyk_6113;ssyk_611;6113; Trädgårdsanläggare m.fl.;;;;
ssyk_6121;ssyk_612;6121; Uppfödare och skötare av lantbrukets husdjur;;;;
ssyk_6122;ssyk_612;6122; Uppfödare och skötare av sällskapsdjur;;;;
ssyk_6129;ssyk_612;6129; Övriga djuruppfödare och djurskötare;;;;
ssyk_6130;ssyk_613;6130; Växtodlare och djuruppfödare, blandad drift;;;;
ssyk_6210;ssyk_621;6210; Skogsarbetare;;;;
ssyk_6221;ssyk_622;6221; Fiskodlare;;;;
ssyk_6222;ssyk_622;6222; Fiskare;;;;
ssyk_7111;ssyk_711;7111; Träarbetare, snickare m.fl.;;;;
ssyk_7112;ssyk_711;7112; Murare m.fl.;;;;
ssyk_7113;ssyk_711;7113; Betongarbetare;;;;
ssyk_7114;ssyk_711;7114; Anläggningsarbetare;;;;
ssyk_7115;ssyk_711;7115; Anläggningsdykare;;;;
ssyk_7116;ssyk_711;7116; Ställningsbyggare;;;;
ssyk_7119;ssyk_711;7119; Övriga byggnads- och anläggningsarbetare;;;;
ssyk_7121;ssyk_712;7121; Takmontörer;;;;
ssyk_7122;ssyk_712;7122; Golvläggare;;;;
ssyk_7123;ssyk_712;7123; Isoleringsmontörer;;;;
ssyk_7124;ssyk_712;7124; Glastekniker;;;;
ssyk_7125;ssyk_712;7125; VVS-montörer m.fl.;;;;
ssyk_7126;ssyk_712;7126; Kyl- och värmepumpstekniker m.fl.;;;;
ssyk_7131;ssyk_713;7131; Målare;;;;
ssyk_7132;ssyk_713;7132; Lackerare och industrimålare;;;;
ssyk_7133;ssyk_713;7133; Skorstensfejare;;;;
ssyk_7134;ssyk_713;7134; Saneringsarbetare m.fl.;;;;
ssyk_7211;ssyk_721;7211; Gjutare;;;;
ssyk_7212;ssyk_721;7212; Svetsare och gasskärare;;;;
ssyk_7213;ssyk_721;7213; Byggnads- och ventilationsplåtslagare;;;;
ssyk_7214;ssyk_721;7214; Tunnplåtslagare;;;;
ssyk_7215;ssyk_721;7215; Stålkonstruktionsmontörer och grovplåtsslagare;;;;
ssyk_7221;ssyk_722;7221; Smeder;;;;
ssyk_7222;ssyk_722;7222; Verktygsmakare;;;;
ssyk_7223;ssyk_722;7223; Maskinställare och maskinoperatörer, metallarbete;;;;
ssyk_7224;ssyk_722;7224; Slipare m.fl.;;;;
ssyk_7231;ssyk_723;7231; Motorfordonsmekaniker och fordonsreparatörer;;;;
ssyk_7232;ssyk_723;7232; Flygmekaniker m.fl.;;;;
ssyk_7233;ssyk_723;7233; Underhållsmekaniker och maskinreparatörer;;;;
ssyk_7311;ssyk_731;7311; Finmekaniker;;;;
ssyk_7312;ssyk_731;7312; Guld- och silversmeder;;;;
ssyk_7319;ssyk_731;7319; Musikinstrumentmakare och övriga konsthantverkare;;;;
ssyk_7321;ssyk_732;7321; Prepresstekniker;;;;
ssyk_7322;ssyk_732;7322; Tryckare;;;;
ssyk_7323;ssyk_732;7323; Bokbindare m.fl.;;;;
ssyk_7411;ssyk_741;7411; Installations- och serviceelektriker;;;;
ssyk_7412;ssyk_741;7412; Industrielektriker;;;;
ssyk_7413;ssyk_741;7413; Distributionselektriker;;;;
ssyk_7420;ssyk_742;7420; Elektronikreparatörer och kommunikationselektriker m.fl.;;;;
ssyk_7521;ssyk_752;7521; Manuella ytbehandlare, trä;;;;
ssyk_7522;ssyk_752;7522; Fin-, inrednings- och möbelsnickare;;;;
ssyk_7523;ssyk_752;7523; Maskinsnickare och maskinoperatörer, träindustri;;;;
ssyk_7531;ssyk_753;7531; Skräddare och ateljésömmerskor m.fl.;;;;
ssyk_7532;ssyk_753;7532; Sömmare;;;;
ssyk_7533;ssyk_753;7533; Tapetserare;;;;
ssyk_7534;ssyk_753;7534; Läderhantverkare och skomakare;;;;
ssyk_7611;ssyk_761;7611; Slaktare och styckare m.fl.;;;;
ssyk_7612;ssyk_761;7612; Bagare och konditorer;;;;
ssyk_7613;ssyk_761;7613; Provsmakare och kvalitetsbedömare;;;;
ssyk_7619;ssyk_761;7619; Övriga livsmedelsförädlare;;;;
ssyk_8111;ssyk_811;8111; Gruv- och stenbrottsarbetare;;;;
ssyk_8112;ssyk_811;8112; Processoperatörer, stenkross- och malmförädlingsanläggning;;;;
ssyk_8113;ssyk_811;8113; Brunnsborrare m.fl.;;;;
ssyk_8114;ssyk_811;8114; Maskinoperatörer, cement-, sten- och betongvaror;;;;
ssyk_8115;ssyk_811;8115; Bergssprängare;;;;
ssyk_8116;ssyk_811;8116; Stenhuggare m.fl.;;;;
ssyk_8121;ssyk_812;8121; Maskinoperatörer, ytbehandling;;;;
ssyk_8122;ssyk_812;8122; Valsverksoperatörer;;;;
ssyk_8129;ssyk_812;8129; Övriga maskin- och processoperatörer vid stål- och metallverk;;;;
ssyk_8131;ssyk_813;8131; Maskinoperatörer, farmaceutiska produkter;;;;
ssyk_8132;ssyk_813;8132; Maskinoperatörer, kemisktekniska och fotografiska produkter;;;;
ssyk_8141;ssyk_814;8141; Maskinoperatörer, gummiindustri;;;;
ssyk_8142;ssyk_814;8142; Maskinoperatörer, plastindustri;;;;
ssyk_8143;ssyk_814;8143; Maskinoperatörer, pappersvaruindustri;;;;
ssyk_8151;ssyk_815;8151; Maskinoperatörer, blekning, färgning och tvättning;;;;
ssyk_8159;ssyk_815;8159; Övriga maskinoperatörer, textil-, skinn- och läderindustri;;;;
ssyk_8161;ssyk_816;8161; Maskinoperatörer, kött- och fiskberedningsindustri;;;;
ssyk_8162;ssyk_816;8162; Maskinoperatörer, mejeri;;;;
ssyk_8163;ssyk_816;8163; Maskinoperatörer, kvarn-, bageri- och konfektyrindustri;;;;
ssyk_8169;ssyk_816;8169; Övriga maskinoperatörer inom livsmedelsindustri m.m.;;;;
ssyk_8171;ssyk_817;8171; Processoperatörer, pappersmassa;;;;
ssyk_8172;ssyk_817;8172; Processoperatörer, papper;;;;
ssyk_8173;ssyk_817;8173; Operatörer inom sågverk, hyvleri och plywood m.m.;;;;
ssyk_8174;ssyk_817;8174; Maskinoperatörer inom ytbehandling, trä;;;;
ssyk_8181;ssyk_818;8181; Maskinoperatörer, påfyllning, packning och märkning;;;;
ssyk_8189;ssyk_818;8189; Andra process- och maskinoperatörer;;;;
ssyk_8191;ssyk_819;8191; Drifttekniker vid värme- och vattenverk;;;;
ssyk_8192;ssyk_819;8192; Processövervakare, kemisk industri;;;;
ssyk_8193;ssyk_819;8193; Processövervakare, metallproduktion;;;;
ssyk_8199;ssyk_819;8199; Övriga drifttekniker och processövervakare;;;;
ssyk_8211;ssyk_821;8211; Fordonsmontörer;;;;
ssyk_8212;ssyk_821;8212; Montörer, elektrisk och elektronisk utrustning;;;;
ssyk_8213;ssyk_821;8213; Montörer, metall-, gummi- och plastprodukter;;;;
ssyk_8214;ssyk_821;8214; Montörer, träprodukter;;;;
ssyk_8219;ssyk_821;8219; Övriga montörer;;;;
ssyk_8311;ssyk_831;8311; Lokförare;;;;
ssyk_8312;ssyk_831;8312; Bangårdspersonal;;;;
ssyk_8321;ssyk_832;8321; Taxiförare m.fl.;;;;
ssyk_8329;ssyk_832;8329; Övriga bil-, motorcykel- och cykelförare;;;;
ssyk_8331;ssyk_833;8331; Buss- och spårvagnsförare;;;;
ssyk_8332;ssyk_833;8332; Lastbilsförare m.fl.;;;;
ssyk_8341;ssyk_834;8341; Förare av jordbruks- och skogsmaskiner;;;;
ssyk_8342;ssyk_834;8342; Anläggningsmaskinförare m.fl.;;;;
ssyk_8343;ssyk_834;8343; Kranförare m.fl.;;;;
ssyk_8344;ssyk_834;8344; Truckförare;;;;
ssyk_8350;ssyk_835;8350; Matroser och jungmän m.fl.;;;;
ssyk_9111;ssyk_911;9111; Städare;;;;
ssyk_9119;ssyk_911;9119; Övrig hemservicepersonal m.fl.;;;;
ssyk_9120;ssyk_912;9120; Bilrekonditionerare, fönsterputsare och övriga rengöringsarbetare;;;;
ssyk_9210;ssyk_921;9210; Bärplockare och plantörer m.fl.;;;;
ssyk_9310;ssyk_931;9310; Grovarbetare inom bygg och anläggning;;;;
ssyk_9320;ssyk_932;9320; Handpaketerare och andra fabriksarbetare;;;;
ssyk_9331;ssyk_933;9331; Hamnarbetare;;;;
ssyk_9332;ssyk_933;9332; Ramppersonal, flyttkarlar och varupåfyllare m.fl.;;;;
ssyk_9411;ssyk_941;9411; Pizzabagare m.fl.;;;;
ssyk_9412;ssyk_941;9412; Restaurang- och köksbiträden m.fl.;;;;
ssyk_9413;ssyk_941;9413; Kafé- och konditoribiträden;;;;
ssyk_9520;ssyk_952;9520; Torg- och marknadsförsäljare;;;;
ssyk_9610;ssyk_961;9610; Renhållnings- och återvinningsarbetare;;;;
ssyk_9621;ssyk_962;9621; Reklamutdelare och tidningsdistributörer;;;;
ssyk_9622;ssyk_962;9622; Vaktmästare m.fl.;;;;
ssyk_9629;ssyk_962;9629; Övriga servicearbetare;;;;
ssyk_0;;0;Militära yrken;;;;
ssyk_01;ssyk_0;01; Officerare;;;;
ssyk_011;ssyk_01;011; Officerare;;;;
ssyk_0110;ssyk_011;0110; Officerare;;;;
ssyk_02;ssyk_0;02; Specialistofficerare;;;;
ssyk_021;ssyk_02;021; Specialistofficerare;;;;
ssyk_03;ssyk_0;03; Soldater m.fl.;;;;
ssyk_031;ssyk_03;031; Soldater m.fl.;;;;
;;;;;;;
;;;;;;;
;;;;;;;
;;;;;;;
;;;[] Civilingenjörsyrken inom elektroteknik placeras i yrkesgrupp  Civilingenjörer;;;;
;;;[] Alla IT-yrken med krav på fördjupad högskolekompetens placeras i samma yrkesgrupp  IT-arkitekter, systemutvecklare och testledare m.fl.;;;;
;;;[] Nationalekonomer flyttas till övriga ekonomer , Arkeologer och specialister inom humaniora m.m. flyttas till .;;;;
;;;[] Drifttekniker och processövervakare flyttar till yrkesområde  Yrken inom maskinell tillverkning och transport m.m.;;;;
;;;[] Lantmästare och skogsmästare m.fl. går upp i yrkesklasserna  Specialister och rådgivare inom lantbruk respektive  Specialister och rådgivare inom skogsbruk;;;;
;;;[] Vid den svenska anpassningen har alla sjuksköterskor placerats i yrkesområde ;;;;
;;;[] Alla assistenter, administratörer och sekreterare har placerats i ;;;;
;;;[] Torg- och marknadsförsäljare placeras med ambulerande gatuförsäljare i ;;;;
;;;[] Hantverksyrken inom livsmedel bildar en egen yrkesgrupp som placeras i ;;;;
;;;[] Skoputsare placeras i  Bilrekonditionerare, fönsterputsare och övriga rengöringsarbetare;;;;
