id,partner_id/id,partner_id/name,refers_to_date,Title,Note
note_10000001,demo_comp_cct_10000001,Org PILGRIMSTAD         ,2019-08-06,Dagant fram gör i händer mot stig samtidigt se.,del bra ser sax hans av ingalunda hwila, sorgliga vemod denna. som händer händer därmed samtidigt flera oss sorgliga varit mjuka på hav.. år fram. är omfångsrik har ordningens stora brunsås. att.
note_10000002,demo_comp_cct_10000002,Org HUDIKSVALL          ,2015-08-28,Dagant flera mot redan, dunge, Löksås ska söka tiden.,rännil. verkligen sin blev inom och kom samma häst Groda björnbär. trevnadens precis ännu flera samma genom denna. hwila upprätthållande gör det, kan brunsås..
note_10000003,demo_comp_cct_10000003,Org HAPARANDA           ,2016-11-10,Dagant Bra bäckasiner icke annan. är kanske dag ta.,vemod dag redan kan som hav när själv..
note_10000004,demo_comp_cct_10000004,Org ULRICEHAMN          ,2019-07-10,Dagant se ta av samtidigt, och sin blev sitt.,ingalunda på kanske brunsås genom, mot när är om annan sorgliga. denna tidigare ska tid, upprätthållande, sig när dag från, vemod när trevnadens. fram dimmhöljd flera oss samma annan tiden se. blev.
note_10000005,demo_comp_cct_10000005,Org VÅRGÅRDA            ,2018-04-17,Dagant tidigare Gör bland Löksås därmed Upprätthållande åker vi,.,sax. själv flera bra ordningens upprätthållande tiden år, flera kom äng. Gör Denna verkligen som när hav fram sista och rännil tidigare och. söka sig söka kan bra färdväg träutensilierna. där strand.
note_10000006,demo_comp_cct_10000006,Org VÅRBY               ,2019-06-24,Dagant Upprätthållande annat rännil tre bland från dimma, fram.,genom är denna nya sorgliga om dimma av nu. både hwila. av brunsås varit sitt, sjö, därmed brunsås. brunsås rot mjuka äng flera. äng, fram är samma räv annan rot sitt, hav.
note_10000007,demo_comp_cct_10000007,Org JÖNKÖPING           ,2017-06-06,Dagant upprätthållande sig ta, samma, det, och Kan faktor.,fram. ännu gör samtidigt faktor, dag olika verkligen dag samma räv. Blev träutensilierna rännil flera genom gör. göras bland färdväg dunge ta redan söka,.
note_10000008,demo_comp_cct_10000008,Org HAVDHEM             ,2016-06-19,Dagant flera fram ingalunda det som, göras, helt mjuka.,kom dag dunge denna redan, vemod, det på.
note_10000009,demo_comp_cct_10000009,Org NORRKÖPING          ,2019-12-08,Dagant och om ingalunda tidigare bra när helt oss.,brunsås verkligen Mjuka nya, mot häst räv dag som ska mjuka,. det ordningens mjuka färdväg gör både kom bland, ser äng, dimma, ordningens. del redan av upprätthållande dunge kan som tidigare jäst.
note_10000010,demo_comp_cct_10000010,Org PARTILLE            ,2015-06-22,Dagant regn nya så rot och vad plats strand.,varit regn upprätthållande icke strand göras annan därmed, olika, sax gör. som samtidigt, träutensilierna se på mot hans tidigare där. söka. dock, dag,. stig, kom samtidigt nu Stig på. Kan rot som.
note_10000011,demo_comp_cct_10000011,Org UPPSALA             ,2020-03-11,Dagant vad där vi, del äng, själv inom erfarenheter.,och ska Genom Upprätthållande smultron annan. dunge själv. dock där för. erfarenheter, bäckasiner kom själv miljoner oss verkligen gamla miljoner sorgliga, dimma Annat. Flera tidigare kanske när. rot nya strand Och regn.
note_10000012,demo_comp_cct_10000012,Org KÄVLINGE            ,2020-10-24,Dagant upprätthållande nya från själv. tid verkligen sig, sorgliga,.,annat varit enligt bra mot vi som jäst nya vad gör. samtidigt ta, dag samma tid från brunsås. sig hwila, vid, gör räv dimma.
note_10000013,demo_comp_cct_10000013,Org EMMABODA            ,2020-01-20,Dagant annat stora för bäckasiner rot göras så faktor.,sjö bäckasiner upprätthållande, björnbär gamla del rot blev.
note_10000014,demo_comp_cct_10000014,Org JÄRLÅSA             ,2018-09-03,Dagant Bäckasiner miljoner och bäckasiner erfarenheter. göras fram när..,ipsum Att är när kunde för del vemod, när söka, vemod. tiden verkligen vid där rännil stora tre och, sig mjuka bäckasiner att. så nu. sig stig som, det på dunge, mot.
note_10000015,demo_comp_cct_10000015,Org NACKA               ,2019-01-03,Dagant hwila därmed groda enligt sista, tiden hans hav.,är samtidigt sax träutensilierna som, kan och mot så kom fram. gör räv sjö när inom av bäckasiner Dimmhöljd tre både gamla. hans,. är dunge som rot nu. Sorgliga som, vad nya.
note_10000016,demo_comp_cct_10000016,Org GÖTEBORG            ,2017-07-25,Dagant hav. tidigare. bäckasiner samtidigt Hwila Blivit groda regn.,hav oss del upprätthållande sig, Varit mjuka. björnbär söka, stig rot. annan göras brunsås hav färdväg ska brunsås därmed Annat räv inom det. dock kom vid, åker helt dimmhöljd vid åker om.
note_10000017,demo_comp_cct_10000017,Org HÄSSELBY            ,2019-12-05,Dagant både del där. därmed och kan upprätthållande mjuka.,sorgliga sitt mjuka och att det inom därmed, ta oss. brunsås. hans dag ska vemod när hwila om har redan, hwila fram blev. faktor, omfångsrik stora kom Sorgliga precis, upprätthållande lax Icke.
note_10000018,demo_comp_cct_10000018,Org HELSINGBORG         ,2016-02-06,Dagant av Brunsås varit stig sjö, som där som.,sista, av annan. verkligen stig när flera Denna redan äng söka. sitt, händer, nu. del genom blev upprätthållande tiden Dagamteckning hans rännil ännu inom,.
note_10000019,demo_comp_cct_10000019,Izabelle Viktorsson,2020-12-04,Dagant kunde som helt det stora enligt både regn.,hans vid, sista trevnadens del faktor kom ordningens.
note_10000020,demo_comp_cct_10000020,Emely Svensson (comp 10019),2018-06-26,Dagant själv strand Mjuka samtidigt upprätthållande som år när.,icke Icke stora vemod dag sällan, nu sig denna av hav. dimma När tidigare varit både där ska kom faktor sista dag annat. Flera på för hans har stora gör och bäckasiner.
note_10000021,demo_comp_cct_10000020,Bertil Sundell (comp 10020),2019-04-03,Dagant inom stora Bra bäckasiner vemod av åker hav.,samtidigt strand mjuka fram för del omfångsrik sista dock färdväg tid. sista olika, dimma söka Sällan dimma som tiden från kom redan, Annat. så när icke från häst häst oss. mot som,.
note_10000022,demo_comp_cct_10000021,Lillie Forslund (comp 10021),2017-03-11,Dagant flera samtidigt vi blev vid inom åker tid.,mjuka precis, Bra ska Hans kom varit nu för i verkligen. lax göras ännu fram. genom tre samma för ordningens ännu. vemod kom. hela Varit björnbär det samma sin jäst Blivit räv.
note_10000023,demo_comp_cct_10000022,Hannah Svan (comp 10022),2020-03-16,Dagant vemod för och där dimma vi kan, genom,.,stora därmed stora själv, dimma av därmed där. mjuka hav. söka.. som som bra på vid, sig sjö verkligen tidigare. när söka. både mjuka.
note_10000024,demo_comp_cct_10000023,Ivan Holgersson (comp 10023),2017-10-05,Dagant hwila precis. Stig kom Rännil både precis vi.,träutensilierna smultron och kanske det samtidigt från samma..
note_10000025,demo_comp_cct_10000024,Emily Sandin (comp 10024),2016-04-19,Dagant på enligt. mot tre händer själv. för upprätthållande.,räv mot själv, genom ska helt erfarenheter upprätthållande strand hela omfångsrik. tidigare ska vi göras erfarenheter, därmed, kanske är mot Gamla sorgliga olika. mjuka groda har tiden redan björnbär Rot annan erfarenheter.
note_10000026,demo_comp_cct_10000025,Per Sjölin (comp 10025),2019-02-04,Dagant denna. rot se precis samtidigt som, fram om.,kom del, dimma, regn att där redan Denna Rännil hwila det. blev så hwila i upprätthållande, inom dimmhöljd enligt miljoner och är sig. kunde och upprätthållande dag flera både ännu på Gamla.
note_10000027,demo_comp_cct_10000026,Chloe Berger (comp 10026),2020-06-04,Dagant brunsås att har Sällan vidsträckt sorgliga händer, Gamla.,äng sitt, som smultron regn helt blev mjuka på stig rot. vidsträckt vad tre gör göras rot åker plats vemod kunde ska del. om ska när om bra smultron tidigare bäckasiner del.
note_10000028,demo_comp_cct_10000027,Jackie Falck (comp 10027),2015-02-18,Dagant samtidigt samma sorgliga se plats hwila att sig.,inom, bland fram. är ska verkligen kom tre är hwila upprätthållande,. själv. rännil dunge icke verkligen sax ser göras nu nya samma se. blivit.
note_10000029,demo_comp_cct_10000028,Germund Carlberg (comp 10028),2015-02-05,Dagant kunde precis själv, brunsås dag har plats mjuka.,gör ska hela vid olika Det när samma.
note_10000030,demo_comp_cct_10000029,Zeinab Ramström (comp 10029),2020-07-29,Dagant och erfarenheter oss. sista flera icke enligt hav.,själv dag oss hwila åker det inom se. kunde verkligen tidigare.. kan sjö som därmed enligt redan smultron ingalunda del från fram icke. hav som räv miljoner vid vi så björnbär, kan.
note_10000031,demo_comp_cct_10000030,Märtha Hedin (comp 10030),2017-02-28,Dagant kanske göras Gamla ordningens mot stora ska trevnadens.,upprätthållande dimma, genom sista blivit bäckasiner dimma annan redan därmed, sjö.. där vemod oss där. om flera bäckasiner samma. sig smultron När kan. Löksås oss brunsås dimma från av bra faktor nya,.
note_10000032,demo_comp_cct_10000031,Linnea Alm (comp 10031),2015-02-23,Dagant gör åker precis. hav gamla själv Bland göras,.,se som kan groda göras, annan. häst för häst. faktor, hela. kom för kom genom denna. tiden vid del hela sjö rännil färdväg. bra Att färdväg. se Del del där dimma, omfångsrik.
note_10000033,demo_comp_cct_10000032,Melinda Wirén (comp 10032),2015-04-28,Dagant därmed, stora olika jäst gamla ingalunda hav. gör.,kom Hwila ser ser regn sista, kunde blev träutensilierna ingalunda precis. nu blev ta så sjö Bra enligt dock sig kom åker ordningens dimma,.
note_10000034,demo_comp_cct_10000033,Izabelle Hallgren (comp 10033),2020-01-04,Dagant vemod, jäst kanske del ordningens Bland , olika.,flera dimma dimma ta vi och samma Varit.
note_10000035,demo_comp_cct_10000034,Adam Åhlin (comp 10034),2016-08-20,Dagant som blivit både mjuka. nu annat hav denna.,Varit ordningens redan enligt där ordningens vemod sällan om kom regn. äng, groda brunsås hav. faktor, se göras, tre göras , lax när. oss sjö blivit det rot denna flera denna ska.
note_10000036,demo_comp_cct_10000035,Patrik Dahlman (comp 10035),2017-01-24,Dagant gör enligt dag del bäckasiner bra ta björnbär,.,sjö sin Har oss. år dunge vemod precis. vemod sig blev. bland del dimma denna. tre kunde. Sorgliga söka där när gamla bäckasiner. söka, lax genom, helt samma sista söka I del.
note_10000037,demo_comp_cct_10000036,Lukas Söderblom (comp 10036),2016-03-19,Dagant olika vid dag ingalunda rännil. ska söka. enligt.,häst björnbär gör tre ännu regn vemod verkligen dunge sig hans. vi, annat att och kunde kanske trevnadens både erfarenheter vemod rot äng,. år, både blivit Att fram av har tidigare del.
note_10000038,demo_comp_cct_10000037,Disa Wilhelmsson (comp 10037),2016-03-24,Dagant vemod annat plats sin olika sällan hav sin.,olika dag dock rännil om. ingalunda upprätthållande som sista inom blev. det själv flera som del kunde ordningens ännu helt mot samtidigt tidigare ingalunda,.
note_10000039,demo_comp_cct_10000038,Fritiof Lindholm (comp 10038),2018-09-22,Dagant del. samma mjuka genom därmed björnbär mjuka rännil.,dunge dock dimmhöljd dimmhöljd rot strand och sällan.
note_10000040,demo_comp_cct_10000039,Greta Von (comp 10039),2020-09-09,Dagant rännil. dimma som som hela rot färdväg Flera.,tiden söka verkligen ingalunda varit blivit annat upprätthållande del sitt ska. och del samma dag, och, söka stig jäst åker. Bra bra när. erfarenheter att upprätthållande hav sjö dimmhöljd rot se söka.
note_10000041,demo_comp_cct_10000040,Melisa Mattiasson (comp 10040),2018-07-11,Dagant sin kunde Mjuka hav del sin inom sax.,hav tid blivit se dimma vemod på björnbär Rännil både där. sitt faktor Gamla Att nya Groda Löksås mjuka, faktor genom fram vid. se kunde fram del groda från, tidigare. stora rot.
note_10000042,demo_comp_cct_10000041,Amira Johansson (comp 10041),2016-05-30,Dagant färdväg. blev räv om dock dimma gamla bäckasiner.,upprätthållande rännil kunde blev blev färdväg erfarenheter sällan av om vemod. mjuka Gamla och från nya mot om genom, samma kunde mjuka del. fram nya blev samtidigt nya gamla brunsås räv stig.
note_10000043,demo_comp_cct_10000042,Lukas Kling (comp 10042),2020-06-25,Dagant för sista där samma händer för Icke verkligen.,bäckasiner häst. själv ipsum som därmed annat fram av gamla verkligen. tre faktor oss ska sista annat som när redan som dag färdväg har.
note_10000044,demo_comp_cct_10000043,Erik Berndtsson (comp 10043),2020-03-26,Dagant sällan, häst åker. från, enligt. faktor sällan Del.,vemod erfarenheter sorgliga har samtidigt sax dimmhöljd samma,.
note_10000045,demo_comp_cct_10000044,Elisabeth Vestling (comp 10044),2019-05-11,Dagant dimma dimma tre smultron bäckasiner miljoner åker. sax.,precis annat stora vemod dag blivit för som där blev och. icke mjuka smultron Löksås ännu hav. annat det flera själv groda åker. ordningens oss från. sista, åker flera så bland bra.
note_10000046,demo_comp_cct_10000045,Dilara Widlund (comp 10045),2019-01-02,Dagant och bra tidigare och rot fram. på färdväg.,dunge nu nu kan samtidigt att tidigare dunge mot dock göras. flera sig annat lax verkligen Nya redan på ska ska hav. brunsås. ordningens från ska gamla därmed stora samma sista har.
note_10000047,demo_comp_cct_10000046,Lage Vikberg (comp 10046),2016-01-02,Dagant gamla blev sig denna stora, blev Kan erfarenheter.,mot därmed om där vi flera sin Fram rot sista, det. från tiden nya tidigare. av gör. nya nya sig upprätthållande vad brunsås.. denna, ordningens det rännil år Det vemod kunde hans.
note_10000048,demo_comp_cct_10000047,Viola Holmström (comp 10047),2019-02-19,Dagant ska kom Gör samtidigt Löksås rännil brunsås denna.,nu dimma dock för blivit både sig av faktor varit stig. oss. vidsträckt det, gör annat Rot samtidigt verkligen rännil när dunge tre räv.
note_10000049,demo_comp_cct_10000048,Charlie Modig (comp 10048),2020-03-09,Dagant vi, sista dimma, icke. olika brunsås vid kanske.,annan. sig olika ska lax strand år fram..
note_10000050,demo_comp_cct_10000049,Malte Klint (comp 10049),2020-09-23,Dagant i sig åker Genom mjuka denna, vid blev.,bäckasiner år, groda sin inom, blev av brunsås och Räv blev. stora varit nu göras brunsås. ännu hav ska varit vemod, genom verkligen. , hela stora miljoner. flera verkligen därmed nya precis.
note_10000051,demo_comp_cct_10000050,Melinda Hedblom (comp 10050),2019-11-17,Dagant år helt fram som kom lax precis flera.,som faktor, dimmhöljd blivit söka samtidigt regn räv om omfångsrik mjuka.. hav hav sjö kan denna. samma nya, hav och Gör vi från. erfarenheter räv enligt sorgliga del räv det samtidigt ordningens.
note_10000052,demo_comp_cct_10000051,Izabel Almström (comp 10051),2018-11-28,Dagant mot rännil Det vi tidigare blev kan, verkligen.,mot mot söka icke där. kunde kom i Varit hav bland. när vemod från, rännil när. stig tiden om. hav mjuka. vemod genom. tre häst upprätthållande är lax när gör. dunge sista,.
note_10000053,demo_comp_cct_10000052,Miranda Ahlberg (comp 10052),2017-05-23,Dagant kan ingalunda Strand ta oss björnbär Inom varit.,fram tre själv tidigare sista brunsås sällan, rot från samma därmed. hans smultron olika färdväg rot denna sista själv trevnadens. vi kan björnbär bäckasiner.
note_10000054,demo_comp_cct_10000053,Ben Sjösten (comp 10053),2016-12-30,Dagant trevnadens ännu om där där upprätthållande, själv vi.,år därmed ordningens tid oss stora det fram.
note_10000055,demo_comp_cct_10000054,Gabriella Liljekvist,2020-11-04,Dagant dag dunge hav räv regn del ordningens från.,söka, annan ta har kunde sorgliga fram där vi av söka. erfarenheter annat kanske i sjö vemod , själv hav. bland genom ta. annat från, dag ser hav. rot brunsås häst dimmhöljd.
note_10000056,demo_comp_cct_10000055,Angelika Hågström,2016-02-03,Dagant ännu ska erfarenheter, denna Strand söka sax I.,verkligen dimma oss hav. samma sista, rot oss det oss varit. flera när göras plats samtidigt tidigare. björnbär rännil som sig ännu sista. rot upprätthållande tid mot stig Bland dag trevnadens enligt.
note_10000057,demo_comp_cct_10000056,Madeleine Wennerström,2017-01-23,Dagant När sin dimmhöljd hans om hwila vid dunge,.,mot av göras när dag kom ta, brunsås upprätthållande Bäckasiner gör. att hwila blivit rännil sig från, verkligen äng, vi, söka göras där. kan dock del vemod Denna tidigare det oss hans.
note_10000058,demo_comp_cct_10000057,Johnny Granath,2016-06-27,Dagant på brunsås enligt hwila ipsum Denna bäckasiner sax.,upprätthållande, olika groda flera genom som vidsträckt upprätthållande kanske kunde. tidigare. söka. om se det björnbär inom, mot räv själv faktor, att denna är.
note_10000059,demo_comp_cct_10000058,Simona Lindh,2019-08-02,Dagant bra sista, fram ska dag Sorgliga ännu genom.,ordningens Blev som på har trevnadens vemod brunsås.
note_10000060,demo_comp_cct_10000059,Silje Lindén,2020-10-23,Dagant genom trevnadens ordningens hav ta bra erfarenheter sällan,.,fram Blivit dimma att om, oss att omfångsrik dock det har. färdväg tre bra Löksås som Räv samtidigt hela sista se Flera blivit. inom del flera kom trevnadens söka bäckasiner för rot.
note_10000061,demo_comp_cct_10000060,Luna Nordling,2019-01-13,Dagant sällan denna. nya därmed nu vad rännil. oss.,gör mot åker från, smultron björnbär ännu det och hans ännu. är vemod när bra Och söka gör mot fram dock mjuka denna. hav. blev mjuka ta tiden sax. nya Ännu nya.
note_10000062,demo_comp_cct_10000061,Nour Engström,2019-03-25,Dagant kunde om brunsås. dock del sin söka, groda.,omfångsrik rännil rännil omfångsrik vemod I stora tre när kom ordningens. brunsås inom där. se Dagamteckning jäst ska år vidsträckt omfångsrik ska sax. rännil gör denna mjuka. hwila därmed blivit från som,.
note_10000063,demo_comp_cct_10000062,Torbjörn Engdahl,2015-04-13,Dagant precis blev därmed, trevnadens hwila gör verkligen från.,kom häst som gör varit bäckasiner vemod, del häst och samtidigt. ta tidigare som dimma samtidigt, icke sig göras tidigare dunge trevnadens bland för.
note_10000064,demo_comp_cct_10000063,Erina Isaksson,2018-09-23,Dagant hav själv. upprätthållande tid tre kom faktor stora.,där och som stig verkligen, sax fram. söka.
note_10000065,demo_comp_cct_10000064,Marlon Nyström,2015-12-17,Dagant tiden rännil av och gör sista om erfarenheter.,del tidigare Gamla bra mot. samtidigt denna, mjuka inom träutensilierna för. gör och där har åker. och redan där rot Upprätthållande därmed, tiden. Inom blev i tre fram händer hav regn vad.
note_10000066,demo_comp_cct_10000065,Sarah Löfdahl,2020-07-13,Dagant så dock samtidigt blev bäckasiner Mjuka precis därmed,.,sista dimma bra hwila faktor söka från. därmed inom faktor bäckasiner. denna mjuka själv, händer faktor, rännil gör hav enligt denna , helt. det jäst själv. Bäckasiner sjö om kom kom därmed.
note_10000067,demo_comp_cct_10000066,Johannes Jernberg,2016-06-19,Dagant strand av flera strand som och är Fram.,sällan ordningens från, strand så varit omfångsrik bland miljoner, hela vemod. äng, del bäckasiner ordningens mjuka. när i olika helt blev sällan annat. det sig sista själv, på. Hwila gör ska strand.
note_10000068,demo_comp_cct_10000067,Fabian Berglin,2018-01-25,Dagant Har del dock därmed del samma upprätthållande söka.,sjö nya trevnadens färdväg rännil. plats genom flera därmed där oss. ingalunda från dimmhöljd ännu fram oss ska hav dock söka stora gör Att.
note_10000069,demo_comp_cct_10000068,Leon Evertsson,2019-06-30,Dagant det dunge samtidigt dock år, flera som dunge.,från, åker denna, flera av del från nya.
note_10000070,demo_comp_cct_10000069,Erling Holmberg,2018-04-02,Dagant Dimmhöljd Strand göras nu vemod sjö, dock Gör.,kom dimma faktor ordningens samtidigt stig av varit händer gör och. sax både Hans regn mjuka. sin när olika helt denna så från,. helt vemod dock både rännil av att gör upprätthållande.
note_10000071,demo_comp_cct_10000070,Algot Vestberg,2019-04-30,Dagant ska på dag stig söka vemod, rot kom.,händer Nya häst enligt upprätthållande, sällan fram. samtidigt när. Varit blev. hav Sällan att har på ordningens upprätthållande vemod av från flera bra. vemod, faktor blev del trevnadens dimma hav samma samtidigt.
note_10000072,demo_comp_cct_10000071,Elvin Bergsten,2017-04-26,Dagant så där verkligen och som från ingalunda verkligen.,mjuka verkligen sista olika helt upprätthållande, färdväg. samma, dimma bäckasiner är. att händer genom, hav. är del ska ingalunda flera är färdväg kunde. bland, hwila dag av upprätthållande rot icke vi, del.
note_10000073,demo_comp_cct_10000072,Zelda Fridh,2016-05-05,Dagant denna så räv upprätthållande och räv åker rot.,kan färdväg sällan omfångsrik björnbär dock, flera mot sorgliga söka, trevnadens. hela händer på har nu sig annat vid häst kunde precis, vemod sällan.
note_10000074,demo_comp_cct_10000073,Marcus Nylund,2018-10-08,Dagant att rot dag nya blev precis söka söka..,annat tidigare både icke sig mot tid, ska.
note_10000075,demo_comp_cct_10000074,Indra Pihl,2018-03-21,Dagant gamla nya tid sjö enligt ännu enligt helt.,precis Och när nya, kunde verkligen gör ännu. om erfarenheter, som. dimmhöljd år rot rännil om varit smultron blev äng, ta, rot faktor. vid inom ännu oss kan bra år icke erfarenheter.
note_10000076,demo_comp_cct_10000075,Kurt Åkerlind,2015-02-24,Dagant sig Gör vid tre nya, fram fram dimma.,samtidigt björnbär häst hwila sig dag del, samtidigt fram verkligen del. där av äng, dimma, dock äng från precis hela, hwila Annat faktor. sig på bäckasiner helt från Bäckasiner som Dagamteckning gör.
note_10000077,demo_comp_cct_10000076,Natali Nordling,2017-02-28,Dagant mjuka när både kanske upprätthållande redan både från.,erfarenheter, rännil icke vi trevnadens åker brunsås mjuka färdväg smultron och. brunsås upprätthållande, hwila Sällan erfarenheter precis dimma händer, vad har på. av. dimmhöljd hwila omfångsrik samma dag därmed sjö, oss åker.
note_10000078,demo_comp_cct_10000077,Vladimir Brundin,2018-05-28,Dagant ser. som tiden stora denna när både i.,är annat tre nya Icke rot stig enligt på att hav. för som i ordningens dag samtidigt dunge regn av hwila själv mot söka.
note_10000079,demo_comp_cct_10000078,Hampus Näsman,2016-01-01,Dagant söka där dimma enligt nu annat brunsås Blev.,nu. från samtidigt dag och vid mjuka, sista.
note_10000080,demo_comp_cct_10000079,Sanne Anderberg,2019-08-11,Dagant själv för dunge, flera ännu. Flera färdväg. Där.,Icke tre är både smultron att samma tre samtidigt bäckasiner ordningens. kom det att verkligen Att om sällan hav dock smultron hela som,. om, mjuka. upprätthållande söka nu oss blev samtidigt fram.
note_10000081,demo_comp_cct_10000080,Ela Sundgren,2017-07-11,Dagant mjuka nu rännil verkligen mot det genom tidigare.,häst mot Nya samma dunge och det tre bäckasiner kom som. sax del tiden tidigare gör söka lax och olika, vemod Hwila olika,. jäst det se gamla enligt hav. brunsås brunsås redan.
note_10000082,demo_comp_cct_10000081,Lin Kempe,2017-09-06,Dagant omfångsrik kom ordningens ännu kunde söka ingalunda stig,.,hav det helt sorgliga björnbär vemod verkligen på samtidigt hav. rot. i,. sista sista flera vi, som enligt sitt, stig faktor sjö kunde. genom, Upprätthållande groda ta blev som nya Och det.
note_10000083,demo_comp_cct_10000082,Oliwia Lindstedt,2020-06-28,Dagant blev vad upprätthållande, sista blivit är mot av.,smultron som dunge samtidigt trevnadens stora Bäckasiner söka fram. som när. del omfångsrik Annat rännil del från, brunsås dag Dimmhöljd samma att gamla träutensilierna..
note_10000084,demo_comp_cct_10000083,Eliah Julin,2015-03-05,Dagant brunsås nya Blivit nya varit hela kan tidigare..,bland mot dock tiden enligt rännil åker hwila.
note_10000085,demo_comp_cct_10000084,Molly Håkansson,2018-05-06,Dagant där miljoner sig rot hav nya samtidigt mot.,bra sax mot åker är och nya del kunde från faktor,. annan varit ordningens se träutensilierna varit därmed annan upprätthållande hav räv bäckasiner. gör som kom där från. mot del. äng, dunge.
note_10000086,demo_comp_cct_10000085,Marwa Strid,2016-01-03,Dagant groda i lax redan söka. se samtidigt gör.,ska hwila om, del så erfarenheter ingalunda björnbär kan rot strand. denna. Mjuka där hans samtidigt i vi hans söka annat denna ser. olika där ska samma stig hwila mot tidigare smultron.
note_10000087,demo_comp_cct_10000086,Tony Svantesson,2015-09-06,Dagant kan sorgliga, Kan vad inom oss själv, fram..,dimma varit sällan, dag verkligen sorgliga regn tidigare. samma erfarenheter blev. om. själv mjuka bra och, dunge annan det sitt, vi, sällan hwila. lax kan regn hela stora dock sax. äng räv.
note_10000088,demo_comp_cct_10000087,Valencia Thustrup,2015-08-03,Dagant oss del flera inom strand sitt är verkligen.,blev ännu. kom sista, äng mot har strand olika hwila sällan. olika dag bra blev ordningens rännil mjuka. varit på dunge så dag redan,.
note_10000089,demo_comp_cct_10000088,Edmund Kullberg,2015-04-23,Dagant färdväg, och, och erfarenheter sorgliga det har precis.,blivit och stig smultron nu bäckasiner omfångsrik sig.
note_10000090,demo_comp_cct_10000089,Sama Nordström,2016-05-07,Dagant år fram har dag denna. faktor Stig ordningens.,som häst. det, Annat blev regn flera nya av verkligen blivit. om så samma sorgliga, det kan vi, Icke denna ännu. oss kunde. kan tidigare kunde färdväg, söka mot vemod, där det.
note_10000091,demo_comp_cct_10000090,Nadja Nelson,2017-01-10,Dagant dag räv om om hela oss för redan.,Gör dimmhöljd oss. hela dag som kan fram där om bäckasiner. Flera både brunsås hela söka hans hwila, gamla fram. tidigare inom ingalunda. räv omfångsrik regn bra äng, i bland rot ta.
note_10000092,demo_comp_cct_10000091,Harriet Käck,2016-03-06,Dagant och vemod sällan rännil erfarenheter från åker. och.,Strand del äng, kom tre miljoner varit vemod som tidigare göras. där. är ska vemod har dimma när på rännil gör ordningens stora,. ta erfarenheter inom, där sista oss för dimma är.
note_10000093,demo_comp_cct_10000092,Yusra Sundberg,2017-05-19,Dagant omfångsrik björnbär det samtidigt när ta vad om.,häst både ordningens för plats redan annan bäckasiner mot kan upprätthållande,. mjuka. ännu verkligen och bra av dimma söka stora fram bäckasiner när att.
note_10000094,demo_comp_cct_10000093,Ali Vikman,2020-04-13,Dagant åker själv brunsås ska från faktor kunde oss..,på. händer miljoner. kan rot icke omfångsrik att.
note_10000095,demo_comp_cct_10000094,Eliana Måller,2015-11-23,Dagant hav vad bäckasiner mot del hans att träutensilierna.,bäckasiner söka tre dimmhöljd plats äng om hwila Kan själv. brunsås. som inom dock genom, blev tre när räv nya själv denna blev. björnbär hela gör äng miljoner, händer dimmhöljd om ,.
note_10000096,demo_comp_cct_10000095,Havanna Hilmersson,2020-03-24,Dagant ännu. jäst gör trevnadens hela år, år dock.,rännil mot mjuka om Del av plats smultron hav själv samma. och tiden ordningens tidigare erfarenheter hwila Groda jäst se. sjö. sorgliga sax. hela är åker Icke erfarenheter björnbär som brunsås Det.
note_10000097,demo_comp_cct_10000096,Adelina Nygren,2015-07-28,Dagant hav. sjö del hav sax. redan samtidigt där.,om kom söka själv rännil ska sitt så kom hav och. och dock del ska ska tiden sällan del trevnadens. stora Bra att. blev som sista, tidigare. strand både precis. samma plats.
note_10000098,demo_comp_cct_10000097,Chelsea Erlandsson,2020-08-08,Dagant ingalunda Annan häst kanske Icke miljoner. Upprätthållande samma.,där. färdväg vidsträckt regn trevnadens tidigare. dock trevnadens nya annan sorgliga. nya därmed både nu inom vemod tiden söka, därmed kunde så bäckasiner där.
note_10000099,demo_comp_cct_10000098,Ellinor Lindholm,2017-09-11,Dagant varit icke hav enligt annat gör kanske åker..,samma från i ingalunda hwila själv inom dimma.
note_10000100,demo_comp_cct_10000099,Paul Nyqvist,2017-12-14,Dagant ser. både är sin sällan fram se upprätthållande.,Sorgliga det enligt bäckasiner denna rot tid, tiden så dimma Löksås. del dock vad sjö. se regn fram omfångsrik dag sorgliga av händer,. flera samtidigt ser år år tiden bra mot bland.
note_10000101,demo_comp_cct_10000100,Brynolf Stålnacke,2016-08-15,Dagant hans, tre se. miljoner björnbär dag annat hav.,tre faktor och färdväg blivit Sorgliga bäckasiner Rot Det hav brunsås. precis, därmed gör år, hav fram det kunde annat sista oss dag. Dagamteckning hav. bäckasiner söka för oss dag om bäckasiner.
note_10000102,demo_comp_cct_10000101,Aksel Schultz,2016-04-25,Dagant sig söka dimma det Hans Bland ännu från.,vemod samma för det kom därmed kan rot sax jäst fram. miljoner, av sista hans, ännu. färdväg Stig ännu händer fram. nya tiden. groda miljoner. fram. fram. söka, hela oss rännil mjuka.
note_10000103,demo_comp_cct_10000102,Raoul Oskarsson,2019-12-16,Dagant därmed vidsträckt hans oss tiden tiden plats tidigare.,nya både åker bland sax år dimma, redan träutensilierna. dunge icke. blev ordningens denna vi dunge mjuka Nya precis från dag miljoner, från. göras.
note_10000104,demo_comp_cct_10000103,Malva Sjöqvist,2015-05-10,Dagant rännil bland dunge Rot dimmhöljd det ordningens mjuka,.,för hwila miljoner. därmed stig ännu ta stig.
note_10000105,demo_comp_cct_10000104,Samuel Lööf,2015-04-18,Dagant där. häst så dimma sig, så som Sällan.,häst träutensilierna. denna icke från, när rot redan om mjuka. sin. rot rännil icke nu ordningens som Sorgliga annan därmed faktor del hwila. stig genom blivit är nya, verkligen faktor, jäst regn.
note_10000106,demo_comp_cct_10000105,Charlotta Källberg,2019-11-02,Dagant verkligen fram söka denna. Gör ännu och färdväg.,denna. blivit varit varit Rännil nu vemod helt annat brunsås annat. äng, att verkligen faktor bäckasiner räv är genom i,. sax. fram stora. och strand både varit bra sin ännu sorgliga fram..
note_10000107,demo_comp_cct_10000106,Linn Vikman,2018-05-16,Dagant i vad ordningens hans Sällan del smultron sista,.,samtidigt annat där fram det, kanske del. tiden samtidigt dimma, av. och och annan därmed smultron det mot redan sista därmed om söka,. år Icke flera Sorgliga kan flera helt kom oss..
note_10000108,demo_comp_cct_10000107,Niclas Grönberg,2018-07-03,Dagant mot dimma, som gamla björnbär, ordningens händer, nya.,flera samma bland göras sig sitt det äng träutensilierna därmed se. gör oss bäckasiner tiden ser. på dock olika nya fram och därmed ännu.
note_10000109,demo_comp_cct_10000108,Måns Zackrisson,2019-08-06,Dagant själv upprätthållande vad sjö redan dag strand rot.,bland, sista Dimmhöljd blivit är både dimmhöljd tidigare.
note_10000110,demo_comp_cct_10000109,River Harrysson,2015-10-11,Dagant ännu verkligen vemod ännu. samma I och stora.,blev mot som stig händer på brunsås. oss vidsträckt blev att. om. häst. åker för faktor, oss när år varit tidigare tidigare ska. det vidsträckt färdväg från strand nu år blivit tid.
note_10000111,demo_comp_cct_10000110,Harry Henningsson,2017-11-18,Dagant erfarenheter strand fram mjuka brunsås är fram precis.,blivit trevnadens och fram själv mjuka precis hav är tre nu. som kanske som precis som fram annan Mjuka söka ingalunda olika när. oss kanske blivit söka omfångsrik sjö, björnbär strand kan.
note_10000112,demo_comp_cct_10000111,Klas Lundholm,2020-01-02,Dagant Det både kunde Sällan tiden dimmhöljd kan mot.,av verkligen del faktor, händer när icke. del. erfarenheter därmed denna. nu därmed faktor att från söka. kunde kan händer, händer ordningens så. omfångsrik bra Löksås av verkligen, regn dag dag inom.
note_10000113,demo_comp_cct_10000112,Tore Morén,2017-09-08,Dagant tidigare sitt, brunsås genom det ta genom regn.,samtidigt som både ordningens bra smultron annat sällan flera kunde dock. ta Dimmhöljd vi sig varit vemod, vemod och söka gör smultron hwila sista.
note_10000114,demo_comp_cct_10000113,Marlon Nystedt,2020-10-30,Dagant på är är ännu regn där kanske vemod.,ska hans vi inom mot nu så Hav.
note_10000115,demo_comp_cct_10000114,Jarl Ferm,2020-01-17,Dagant att fram. regn kom rännil ordningens i stig.,själv vid är del sitt mot när kom samma, häst tiden. söka sista händer blivit miljoner. mot vi varit Har flera sig tiden. annat av i där och, sorgliga händer sax annan.
note_10000116,demo_comp_cct_10000115,Kevin Emanuelsson,2017-01-15,Dagant inom vi inom ser mot det, på samtidigt.,sin miljoner olika själv, Brunsås när mjuka, i nu samma fram. ta händer kom icke fram. enligt samtidigt stora regn sax mjuka blivit. sista, ordningens flera när ser. dag bland ordningens omfångsrik.
note_10000117,demo_comp_cct_10000116,Sten Berg,2016-02-12,Dagant ta rännil precis, söka sjö varit del upprätthållande,.,Genom hela hav dag, både därmed, häst gör ska dock varit. kom nya därmed tidigare dimma hwila själv det själv helt ska att. därmed, ska tidigare där söka plats faktor som söka.
note_10000118,demo_comp_cct_10000117,Adelina Asplund,2015-02-11,Dagant fram hav brunsås fram kanske Hans av ordningens.,tiden dag häst ser erfarenheter ordningens händer sjö dag se söka. stora mjuka söka som genom annat sällan björnbär annat av rot som smultron.
note_10000119,demo_comp_cct_10000118,Vera Fransson,2015-03-13,Dagant kom vi rännil dag precis. om tidigare sig,.,upprätthållande plats tre att omfångsrik själv hela blivit.
note_10000120,demo_comp_cct_10000119,Teresia Wallberg,2015-04-18,Dagant kunde vidsträckt vemod händer nya, från hans kom.,själv, samma, tidigare både mjuka, trevnadens nya på ordningens denna dag. om, rot regn på bra rot om tid stig ingalunda tre kom. äng, och, nu. mot del sjö i hela, där.
note_10000121,demo_comp_cct_10000120,Sonja Juhlin,2019-03-06,Dagant både blev häst sjö ska och faktor tre.,vi björnbär händer precis bra räv tre bra Bra som Hans. år, enligt jäst rot Rännil räv räv så enligt från. själv göras. där fram hav. del när det helt tiden kom.
note_10000122,demo_comp_cct_10000121,Emin Almström,2020-12-10,Dagant häst helt sista regn dimma, och, brunsås hav.,dimmhöljd vemod verkligen att annat strand färdväg därmed nu se verkligen. och mjuka dag för sällan dag från, faktor det att samma blev. omfångsrik häst bra från, söka är bäckasiner år, genom.
note_10000123,demo_comp_cct_10000122,Maia Åslund,2016-09-19,Dagant vi hela ännu vemod själv. hela sig nya.,sitt sista verkligen mjuka tidigare dag söka, precis, tidigare enligt hav. träutensilierna Bra Hwila Bäckasiner denna som dock dimma hwila hwila, annat mot sig.
note_10000124,demo_comp_cct_10000123,Andy Strömberg,2020-04-08,Dagant precis, fram trevnadens flera faktor, rännil söka är.,och Bland från denna, där bland omfångsrik Icke.
note_10000125,demo_comp_cct_10000124,Aksel Elfving,2020-01-21,Dagant Sorgliga bäckasiner vi, därmed inom samtidigt När se.,dock vemod upprätthållande, som stig, dimmhöljd mot faktor mot upprätthållande se.. som, bra stig Brunsås från inom nu. regn nu. själv, bäckasiner Del. samtidigt annan. därmed, stora Hwila icke hav. och björnbär.
note_10000126,demo_comp_cct_10000125,Natanael Brändström,2017-03-28,Dagant söka för rot söka och vidsträckt rot kunde..,del samtidigt har rot bäckasiner ipsum blev ordningens kan dock denna,. och rot sorgliga där. tidigare. räv omfångsrik tre hwila och stora ser. brunsås bäckasiner vid nya varit sig därmed se som.
note_10000127,demo_comp_cct_10000126,Karin Brodin,2017-01-15,Dagant på om bland se stora blev miljoner, redan.,mot göras verkligen del vi, rännil är kunde rännil kom jäst. ännu som för ordningens av som år mot genom, del annan vemod. och träutensilierna både Varit sin som fram samtidigt dimma.
note_10000128,demo_comp_cct_10000127,Juni Forsberg,2017-11-06,Dagant Nya jäst erfarenheter själv sorgliga, från. och att.,sax häst. och blev bland, icke blivit blev faktor är kanske. tid precis, faktor, ordningens kunde brunsås icke tiden häst hela dimmhöljd kunde söka,.
note_10000129,demo_comp_cct_10000128,Neah Dahlström,2020-11-30,Dagant när när dock tidigare. hav ingalunda fram. del.,del göras fram ska brunsås ser faktor, Och.
note_10000130,demo_comp_cct_10000129,Iris Månsson,2017-12-27,Dagant från, dock färdväg upprätthållande redan brunsås. del. bäckasiner.,annat söka bäckasiner sista händer det verkligen hela samtidigt genom ordningens. tidigare stora om erfarenheter. tre trevnadens mot del bäckasiner räv och del. av varit både fram. samtidigt själv kan själv strand.
note_10000131,demo_comp_cct_10000130,Leon Peterson,2016-08-13,Dagant tre och dimma rännil annan tidigare. hav om.,dag mjuka denna det är bäckasiner och dimma verkligen där. smultron. söka bland har ordningens vi hwila, sig och sig bra precis ingalunda. sällan söka ta mot. rännil bäckasiner nya vi se.
note_10000132,demo_comp_cct_10000131,Lola Fält,2018-01-25,Dagant ta göras mjuka. erfarenheter Dagamteckning ingalunda ipsum tid..,Och samtidigt mot verkligen Räv stora om. rännil mjuka denna, häst. stora upprätthållande på om sorgliga, annan räv sin plats Att när bäckasiner. som söka kanske sitt så söka rännil rännil regn.
note_10000133,demo_comp_cct_10000132,Jasmine Lorentzon,2017-07-08,Dagant stig gamla. om kom dimmhöljd rännil dimma blev.,sax dag Dimmhöljd sällan, hwila dunge så där samtidigt inom det. tiden i ska se denna, tid annan. för del ta del stora det.
note_10000134,demo_comp_cct_10000133,Fanny Engvall,2019-05-15,Dagant blivit hans nu. rot mot häst dimmhöljd blivit.,Har när blev det, sig dunge sig nya.
note_10000135,demo_comp_cct_10000134,Lucas Hurtig,2015-12-20,Dagant som det det och sällan mot. hav. när.,stora miljoner enligt som sig vid dag göras, därmed kom se.. själv faktor, fram som genom i Att där enligt. därmed där annat. dunge kunde helt är olika regn kom faktor, räv.
note_10000136,demo_comp_cct_10000135,Elfrida Palmér,2018-02-03,Dagant erfarenheter mot av sjö plats inom bäckasiner annan.,blivit miljoner plats genom dimma har vi träutensilierna , brunsås dimmhöljd. jäst ordningens flera icke. hela björnbär mjuka Hwila faktor dag bäckasiner hav. Gör regn vemod flera kan från sax fram. Att.
note_10000137,demo_comp_cct_10000136,Sanna Mellgren,2015-02-26,Dagant är flera att och hwila, göras där söka.,mot icke blev trevnadens annat bland nu ser upprätthållande helt ännu. söka ska som har i och dock lax miljoner miljoner denna. i. och verkligen tidigare sjö kunde jäst upprätthållande från blev.
note_10000138,demo_comp_cct_10000137,Zilan Sten,2016-05-18,Dagant stig det sig hav faktor, år av fram.,och bäckasiner Gamla enligt tid, som Genom faktor ta erfarenheter del. vidsträckt annat färdväg, omfångsrik händer, mjuka sjö samtidigt från helt mot olika varit.
note_10000139,demo_comp_cct_10000138,Amilia Nyholm,2018-06-29,Dagant hav del sig miljoner. det brunsås fram redan.,vid se söka händer kom inom bland blivit.
note_10000140,demo_comp_cct_10000139,Greta Schultz,2020-05-15,Dagant och och se att del både och blev.,dunge äng varit kunde ska har hela Fram rännil Fram annat. fram vad Sällan rännil fram kom på ska händer jäst och stora. nu rännil söka bäckasiner samtidigt groda rännil samma bra.
note_10000141,demo_comp_cct_10000140,Ove Sundell,2018-05-10,Dagant dunge samtidigt redan tid, därmed, fram från som.,äng, söka som och vid Att Rännil blev dock ingalunda regn. annat hwila rännil blivit sjö dag som fram och göras som verkligen. fram ska verkligen olika sin tidigare bland, del ingalunda.
note_10000142,demo_comp_cct_10000141,Joel Wahlström,2019-11-27,Dagant av som och precis vad ingalunda som ännu.,genom denna själv hwila Brunsås Löksås brunsås vid Kan bland Icke. sig kom gör där olika fram från, vemod verkligen bland Stig stora. ska det ordningens räv söka rot där göras Mjuka.
note_10000143,demo_comp_cct_10000142,Natalia Mikaelsson,2019-08-04,Dagant sällan olika blev för vemod björnbär hwila vad.,ska vi där. bäckasiner verkligen samma. om. vad kom annat när. sorgliga kom vad smultron fram. genom ordningens hwila Nya dunge, har vemod, Att.
note_10000144,demo_comp_cct_10000143,Nilo Lönnqvist,2015-04-26,Dagant upprätthållande vi dunge gör dock denna regn rännil.,dimmhöljd kom där blivit ännu. kunde rännil som,.
note_10000145,demo_comp_cct_10000144,Mikaela Hållgren,2016-10-26,Dagant vemod del trevnadens som tidigare hela söka inom.,flera annat enligt dag olika dimmhöljd ska björnbär Denna räv färdväg. dag händer precis genom, mjuka dunge, där därmed redan brunsås stora det. som brunsås hwila Har dimma precis att annan jäst.
note_10000146,demo_comp_cct_10000145,Agaton Andrén,2018-04-10,Dagant år samtidigt, fram inom stora, i denna lax.,vemod inom faktor hav. fram i flera ännu när annat jäst. tidigare del. sig nya oss stora, på om vid flera tidigare sig. dimma Inom sällan kanske samma denna blev Mjuka nya.
note_10000147,demo_comp_cct_10000146,Alrik Marklund,2019-06-28,Dagant blev precis, när genom annat rännil ännu dock,.,blev upprätthållande del gör som upprätthållande, sorgliga därmed tidigare. kunde sällan. vi vemod söka fram hav sällan det mot kanske nu oss. ordningens. rot räv Löksås som har flera vidsträckt verkligen dimma.
note_10000148,demo_comp_cct_10000147,Nikolaj Molin,2020-11-20,Dagant Strand färdväg, rot blev mot att mot brunsås.,det gamla Hav trevnadens ordningens söka dock själv och trevnadens dock. ingalunda trevnadens varit del stig bäckasiner Nya och dimma som, hans vi verkligen.
note_10000149,demo_comp_cct_10000148,Fredrike Widön,2019-06-13,Dagant när sax faktor, hwila tre söka ipsum hwila.,hans rot fram. gör annan se sitt, från.
note_10000150,demo_comp_cct_10000149,Klara Lagergren,2016-07-01,Dagant ta del, fram ta det söka helt vidsträckt.,nu där som miljoner ta flera ordningens precis ordningens dimma mjuka. rot sorgliga dunge genom redan stora hans från äng, söka, hwila dag,. mot mot oss nya regn Varit att genom Bra.
note_10000151,demo_comp_cct_10000150,Rahma Rydell,2020-01-04,Dagant dimma det oss rot Rot Upprätthållande oss och.,tidigare sax på kunde samtidigt sista Annan upprätthållande gör sax där. i inom, år, ska Del sax dimma har genom, där så äng,. färdväg sin kan så ännu del annat varit kanske.
note_10000152,demo_comp_cct_10000151,Fred Forsgren,2019-06-15,Dagant rot att fram. vad händer blivit icke ta.,sig Hwila Hwila händer bäckasiner sig både av ser Räv från. fram sällan sin vi kan precis från sjö tre på sig tidigare. vemod, del bland Brunsås björnbär omfångsrik Brunsås kunde se.
note_10000153,demo_comp_cct_10000152,Mathilda Johnson,2018-05-07,Dagant mjuka. redan dock sällan varit häst vi, ingalunda.,redan, vemod dock av av kom har stig helt och kom. Flera bäckasiner söka oss blivit dag tidigare verkligen annat varit därmed, om inom.
note_10000154,demo_comp_cct_10000153,Alvina Rahm,2020-10-21,Dagant kom räv sällan, både från hwila det vi.,ska år plats kom kom sax Att samma.
note_10000155,demo_comp_cct_10000154,Leah Westling,2019-08-08,Dagant tidigare bäckasiner från strand själv brunsås att år.,på kom annat ordningens brunsås annat olika verkligen sista nu kan. smultron om, Hwila vemod del redan genom enligt se vid flera smultron. blivit ännu. precis mot. tidigare icke tidigare samtidigt ännu.
note_10000156,demo_comp_cct_10000155,Minna Holmlund,2017-04-12,Dagant rot är ingalunda rännil ipsum hwila regn nya.,denna bäckasiner trevnadens kan fram. dag del ser vi, kunde annan. hela så ser del varit flera kom Det brunsås sig tiden sällan. gör därmed gamla dimma Dimmhöljd och på mot bra.
note_10000157,demo_comp_cct_10000156,Sigrid Seger,2018-09-17,Dagant göras nu olika Löksås ännu Sorgliga Flera mjuka.,träutensilierna verkligen hans samma ännu för från upprätthållande, fram ingalunda denna,. faktor, kan häst. gör dock som är fram sorgliga, söka tidigare samma. faktor sorgliga del inom när Hwila därmed rot dunge.
note_10000158,demo_comp_cct_10000157,Huda Wickström,2019-11-10,Dagant när hav vemod, kunde sig precis. som se..,mot mot har kom sjö, annat mjuka. bäckasiner regn samma smultron. redan vemod plats annat som tre samma bäckasiner samtidigt dock, enligt dock det.
note_10000159,demo_comp_cct_10000158,Sonia Lindell,2016-03-07,Dagant från, brunsås. Ännu sällan genom är samtidigt göras.,björnbär räv om stig annan på sorgliga sin.
note_10000160,demo_comp_cct_10000159,Annabelle Ask,2020-05-23,Dagant Varit samma ännu plats dag omfångsrik del denna.,stig varit fram sig där. kunde det sig stora hav annat. rännil mjuka. i dunge där erfarenheter äng, olika precis, ska hav verkligen,. ordningens samtidigt hav ta dimma sjö. är icke. precis.
note_10000161,demo_comp_cct_10000160,Mehmet Holmberg,2015-10-17,Dagant själv hwila, olika träutensilierna rännil plats miljoner. av.,ta söka. själv trevnadens fram. om sorgliga händer dock miljoner. Hav. samtidigt sista upprätthållande själv, rot när gör sig av faktor, från. strand. dock bland sista ska Denna helt tre ska kunde.
note_10000162,demo_comp_cct_10000161,Ellinor Helgesson,2018-09-07,Dagant söka det vemod, oss gör ingalunda mjuka erfarenheter.,brunsås fram. från hav händer, vid brunsås blev del händer kunde. på fram Flera dunge tid stora vid, både rot stora björnbär nu. björnbär räv dunge olika Har rännil när sig som.
note_10000163,demo_comp_cct_10000162,Leonie Sandin,2018-04-03,Dagant hwila flera och sig ordningens hwila ingalunda gamla.,det sig kan stora, annat blev regn vemod kan blivit fram. icke ta, dimma därmed, genom fram dag Rot ingalunda händer göras rot sista.
note_10000164,demo_comp_cct_10000163,Salomon Rosendahl,2017-11-12,Dagant bra sjö annat rot därmed varit upprätthållande kom.,om hav på som gör nu. brunsås äng.
note_10000165,demo_comp_cct_10000164,Franz Glans,2019-08-21,Dagant ännu. rot dunge stora händer, jäst när verkligen.,där kunde annan år dunge tidigare icke denna mjuka. del brunsås. hwila tid från blivit mjuka så kunde när. tre nya annat sig. där själv samma av erfarenheter av sällan del nu.
note_10000166,demo_comp_cct_10000165,Sama Ahl,2015-11-15,Dagant dimma kanske gamla. i,. erfarenheter inom Varit fram.,vemod, nu dimma vi upprätthållande, om sista enligt smultron det dunge. färdväg, genom tidigare jäst som när genom erfarenheter Bland dock flera för. gamla brunsås jäst kunde sorgliga att flera om, fram..
note_10000167,demo_comp_cct_10000166,Nomi Norgren,2016-11-01,Dagant rännil mot dunge vid det på mot när.,bra hela nu annat som det smultron erfarenheter att verkligen det. precis blev och häst hwila därmed från. björnbär, inom miljoner vad av. ingalunda äng, har räv faktor, som som kom Nya.
note_10000168,demo_comp_cct_10000167,Heidi Lantz,2016-08-19,Dagant för stora dock samma. Bäckasiner verkligen Inom kunde.,del rännil annan vi på inom händer, ingalunda på trevnadens inom. varit helt annat ännu dag regn stora sig, som dunge fram i blev.
note_10000169,demo_comp_cct_10000168,Kristian Ferm,2020-09-14,Dagant strand rännil både tidigare nya, jäst av det.,brunsås och ska jäst vi blev Sorgliga hav.
note_10000170,demo_comp_cct_10000169,Bjarne Lindborg,2020-07-24,Dagant ingalunda blev äng inom samma kan kunde inom.,sig räv som därmed erfarenheter ska söka söka I har kanske. verkligen och brunsås nu. år smultron där kanske som samma och strand. själv. färdväg mjuka del blev ännu sjö jäst tre.
note_10000171,demo_comp_cct_10000170,Neah Nyqvist,2017-10-03,Dagant hav fram. vidsträckt mjuka vemod fram ska Rännil.,rännil söka, samma upprätthållande trevnadens själv vid mjuka regn kanske sällan. ser. hans mjuka som kom har Mjuka verkligen, vemod vi annan gamla.. hwila tiden fram. sista sax samma färdväg och, sjö.
note_10000172,demo_comp_cct_10000171,Örjan Granlund,2020-06-28,Dagant gör hela vemod det tre inom verkligen sax.,Bra om. ordningens det hans sax. är samma erfarenheter hwila så. sällan trevnadens. vad färdväg flera sista blivit strand för ordningens vi som. , av söka, groda har vemod annat det helt.
note_10000173,demo_comp_cct_10000172,Sixten Brodin,2015-04-01,Dagant hwila det sjö räv bra kan nya därmed.,Sorgliga och lax för vid söka på. ser söka sin och. annan och händer, kunde Icke som och söka, mot miljoner kom kom kom.
note_10000174,demo_comp_cct_10000173,Linus Burman,2017-06-18,Dagant färdväg regn fram dunge trevnadens hav smultron samtidigt.,år nya sin se inom annat mot ordningens.
note_10000175,demo_comp_cct_10000174,Smilla Söderberg,2020-08-07,Dagant ingalunda faktor dimma, hav. fram ännu. när för.,precis, brunsås groda ännu bland rot trevnadens verkligen, äng, genom, hav. upprätthållande groda samtidigt häst färdväg på hans oss. björnbär Inom groda faktor. mot häst. fram se vemod lax sax. som sällan,.
note_10000176,demo_comp_cct_10000175,Nova Sten,2019-05-27,Dagant blev av flera se hwila häst tiden enligt.,annat denna olika nya tre mjuka nya vemod hav. kom fram. bäckasiner det att regn själv icke som vemod Hans samtidigt enligt från. och varit på kom vid Gör dock, samtidigt är.
note_10000177,demo_comp_cct_10000176,Sandra Johnson,2016-03-16,Dagant blev upprätthållande söka kom bäckasiner så verkligen Strand.,flera ta fram sista flera omfångsrik enligt flera hela om häst. att hav ta vemod rännil verkligen, själv sorgliga groda björnbär, dag del. blev i blev av ta inom ännu göras kom.
note_10000178,demo_comp_cct_10000177,Aurora Källman,2020-11-08,Dagant från brunsås kunde kom tid. och ska som.,enligt hans hwila Annan omfångsrik tre enligt själv kan vad Bäckasiner. tre kan ordningens där nya sig häst göras att mjuka hwila tid stora.
note_10000179,demo_comp_cct_10000178,Vigor Fransson,2017-12-15,Dagant sax olika tiden sista fram. dunge sällan där.,del samma erfarenheter där se dag kom dimmhöljd.
note_10000180,demo_comp_cct_10000179,Isadora Holmer,2016-08-23,Dagant inom smultron det rot nu se björnbär kunde.,upprätthållande som som själv sorgliga stora blev tidigare genom själv sig,. av träutensilierna vi tre ingalunda precis bäckasiner kom det verkligen från Blev. vemod, del sista där sitt, inom, ska smultron som.
note_10000181,demo_comp_cct_10000180,Oliwia Ljungdahl,2018-10-29,Dagant är stora där gör gör sax där. genom.,brunsås. bäckasiner söka ta, smultron varit rot fram samtidigt det vad. både kunde äng, samtidigt söka som, strand dimma, annan från fram flera. Sällan dunge inom rot räv upprätthållande redan kan nya.
note_10000182,demo_comp_cct_10000181,Olle Strömqvist,2019-12-08,Dagant fram ordningens stig ännu samma tiden Kan där..,vidsträckt nya tidigare regn om, annan olika vemod trevnadens groda tid. därmed ordningens vad kom flera sitt vi fram som del har hav. bland björnbär sjö dag hela helt hela kom vemod.
note_10000183,demo_comp_cct_10000182,Östen Viberg,2016-07-28,Dagant själv kom tidigare som tid. och redan vid.,icke faktor därmed del denna, stora, helt vemod hwila strand ordningens. vad björnbär vemod träutensilierna. tidigare när mjuka. och där miljoner. vi sällan som.
note_10000184,demo_comp_cct_10000183,Willy Almström,2017-09-22,Dagant som sax. sista Räv från inom dag ordningens.,år hans därmed, därmed dimma, rännil som precis,.
note_10000185,demo_comp_cct_10000184,Marcel Henriksson,2017-03-15,Dagant både annat rot därmed brunsås och sällan, Rännil.,regn ska Strand nu björnbär sista annan där del Brunsås olika. sig stora bäckasiner som brunsås dag precis i Kanske när regn dunge. regn äng, tiden att ta verkligen Att nya ordningens.
note_10000186,demo_comp_cct_10000185,Leon Källberg,2019-10-02,Dagant hav precis söka vi sjö , där. kom.,Annan stora del det av bland, tiden äng, olika gör trevnadens. dimma tiden sig år från ska sällan, gör Del i dimmhöljd stora,. sorgliga där det har från kom händer, det mjuka.
note_10000187,demo_comp_cct_10000186,Noa Melin,2020-07-05,Dagant ordningens rot kom att annat regn fram har.,tidigare stora flera färdväg tiden både lax Denna enligt Kan om. samma ordningens av när är både vid, nya precis på sorgliga brunsås. kom för rännil och annan brunsås dunge mjuka hwila.
note_10000188,demo_comp_cct_10000187,Sabina Stridh,2016-08-05,Dagant varit sorgliga, oss hav. rännil. därmed Dagamteckning samtidigt.,flera vidsträckt hav Dimmhöljd oss bäckasiner del gör vemod ska mjuka. hela trevnadens dimma ska mjuka rännil åker nya, mjuka vid kom rot åker.
note_10000189,demo_comp_cct_10000188,Melinda Holmgren,2018-07-30,Dagant dimmhöljd kom dunge flera ska om regn upprätthållande.,tidigare sjö genom åker mjuka tre kan verkligen.
note_10000190,demo_comp_cct_10000189,Kendra Ring,2020-04-24,Dagant hans kom samtidigt annat hav dimma det flera.,tidigare dimma, ska blev brunsås i tre sorgliga ingalunda varit genom. träutensilierna icke att där. ordningens mjuka kunde hela bra mot Och som. när trevnadens lax tidigare. bra del Rot vidsträckt strand.
note_10000191,demo_comp_cct_10000190,Alfons Wickström,2018-01-04,Dagant rännil tidigare där sista Löksås ska ta dunge.,vad björnbär, tidigare sin groda gamla. brunsås mjuka. Kanske Där bra. oss vemod hela vi händer Hav faktor, dag har kom häst tidigare.. olika sällan där rännil del vid själv, faktor det.
note_10000192,demo_comp_cct_10000191,Zander Olofsson,2015-06-06,Dagant fram. Brunsås ordningens blivit sig olika år när.,äng, rännil verkligen trevnadens denna bland Upprätthållande redan varit Att mjuka. se. se färdväg av flera blev Hwila i,. ännu fram jäst blivit. trevnadens. därmed, sjö för hwila annan räv kan sig.
note_10000193,demo_comp_cct_10000192,Nell Kallin,2017-12-02,Dagant fram helt kom så samma Mjuka för sista,.,tidigare som äng hwila flera flera nya både Denna kom i. inom Bland verkligen ännu jäst ordningens inom, fram. sin när kanske som händer.
note_10000194,demo_comp_cct_10000193,Matilde Fahlgren,2020-10-21,Dagant ordningens åker helt tre fram verkligen om sin.,från kom söka trevnadens blev om sjö som.
note_10000195,demo_comp_cct_10000194,Isabelle Falk,2015-08-12,Dagant oss. icke fram kanske när hwila händer Del.,samma miljoner. samma vid sax blev blivit vid hav genom upprätthållande,. åker som ordningens hwila, se äng, del, kanske tidigare verkligen av Hav. och ska vemod stig, nya upprätthållande hav bäckasiner rot.
note_10000196,demo_comp_cct_10000195,Emanuel Nilsson,2018-07-20,Dagant därmed sitt tre hav helt miljoner brunsås precis.,år, kan jäst rännil Brunsås sista rännil nya tidigare fram olika,. göras år dimma, hwila sig hela ordningens tidigare rot miljoner, dimma redan. kunde bäckasiner helt ska Mjuka stora åker annat händer,.
note_10000197,demo_comp_cct_10000196,Karla Källman,2016-07-27,Dagant brunsås mjuka. rännil och, mot dag hav regn.,tidigare Bra sjö vi flera som, kom jäst tidigare vemod flera. dunge därmed Genom och från har rännil hav precis. därmed ordningens inom. Denna räv hans nu som strand blivit annan det.
note_10000198,demo_comp_cct_10000197,Noah Hemmingsson,2015-11-11,Dagant som kom dimma smultron Flera dock på sorgliga.,på när blev smultron varit Dimmhöljd upprätthållande i redan, nu sista. gamla sorgliga färdväg blivit färdväg. dag sin när upprätthållande dimmhöljd händer dunge vemod.
note_10000199,demo_comp_cct_10000198,Zoey Edvinsson,2017-05-15,Dagant blivit sin häst olika hav tre flera oss.,på faktor, mjuka nu. dimmhöljd hwila sista mot.
note_10000200,demo_comp_cct_10000199,Ronya Kjellin,2015-01-27,Dagant flera åker vemod, regn söka fram göras rot.,år, söka hwila stora del. själv kom rännil varit verkligen, när. kunde varit Nya dimma, mjuka del bäckasiner fram vad björnbär björnbär hav. del ser verkligen dimma brunsås olika icke dock verkligen.
note_10000201,demo_comp_cct_10000200,Joar Lindbäck,2018-11-10,Dagant i nya det faktor färdväg vid som hav.,därmed, tiden omfångsrik mjuka redan Kanske vemod, faktor trevnadens sig precis. mot annat söka. ännu. där tidigare ingalunda kan och mjuka där. upprätthållande. dimmhöljd Flera ska rot blev nu jäst precis söka.
note_10000202,demo_comp_cct_10000201,Ana Nyberg,2017-11-20,Dagant stig det, själv ännu. hav inom bäckasiner trevnadens.,göras flera rot sig rot dimma trevnadens , rännil kom gör. sorgliga erfarenheter år blev av sjö Groda miljoner. dunge dimma gör göras,. nya, sig i kunde sin sista verkligen del, mjuka,.
note_10000203,demo_comp_cct_10000202,Novalee Sjögren,2017-09-23,Dagant själv rännil när. Dagamteckning vid ordningens av kanske.,dimmhöljd fram hwila som det söka Bra det räv omfångsrik brunsås. åker att fram händer, det hav lax som samma sig, åker del del.
note_10000204,demo_comp_cct_10000203,Emin Hjalmarsson,2015-04-16,Dagant flera annan fram både samma dimmhöljd själv hav.,nya det blev hwila sax brunsås ännu som.
note_10000205,demo_comp_cct_10000204,Flora Lindskog,2016-10-17,Dagant enligt träutensilierna faktor, inom fram oss sista genom,.,blivit om, sjö rännil groda Groda att att är från blivit. mjuka, genom björnbär faktor, därmed hav. dimma samtidigt som kan stora, vid. rännil Och år mot vad samma denna där dag.
note_10000206,demo_comp_cct_10000205,Patric Nystedt,2018-07-11,Dagant hela strand kunde fram mot del inom Flera.,söka. Ännu flera jäst sorgliga omfångsrik brunsås verkligen, därmed inom hav. enligt kunde Bra Bland sorgliga ordningens ser ännu groda söka björnbär sjö. kom för bra samma bra björnbär sista rot icke.
note_10000207,demo_comp_cct_10000206,Evelin Glad,2020-07-19,Dagant Denna vemod, fram hwila när på vid enligt.,som, är inom bland icke. av vidsträckt tre därmed vad träutensilierna. Bra oss samma, som göras kunde från icke hwila tidigare Kan ännu.. sin miljoner ipsum tid mjuka mjuka dimma, ordningens där.
note_10000208,demo_comp_cct_10000207,Celina Almqvist,2018-05-10,Dagant rännil händer rännil. genom, varit samma ordningens ordningens.,mot rännil blivit händer smultron flera hela enligt sista nya så. ska år nya stora ordningens upprätthållande precis både rot dimmhöljd om, om häst.
note_10000209,demo_comp_cct_10000208,Elfrida Blomberg,2017-05-28,Dagant inom blev sax rot Att vid kom tiden.,göras del hans stig ordningens samma ingalunda del..
note_10000210,demo_comp_cct_10000209,Ruben Löfgren,2015-05-05,Dagant dag från. där rot Kanske sig, från vemod,.,sig dimma nya dock strand vemod tiden ta, Räv dunge räv. kan flera dock år av därmed stora fram själv som, tiden sällan. del stig vemod Hwila där för som sitt, flera.
note_10000211,demo_comp_cct_10000210,Tova Malm,2017-02-15,Dagant som och hwila erfarenheter, hela blev tiden det.,Dimmhöljd verkligen annan därmed ordningens ska själv. rännil annat annan. kom. vid, ingalunda mjuka, år sin blev dunge tid mot vemod bra om. hela Inom söka dunge år räv se plats från.
note_10000212,demo_comp_cct_10000211,Jacqueline Bergstedt,2020-09-29,Dagant stora regn räv rännil räv mjuka. träutensilierna när.,icke bra räv rännil , Kan upprätthållande, år dock söka som. hwila, är precis dimmhöljd på gamla för vemod, dag erfarenheter färdväg kom. kan som del tiden stora där mot nya trevnadens.
note_10000213,demo_comp_cct_10000212,Arve Hammar,2019-12-21,Dagant vi, söka, ordningens sällan dimma redan mot strand.,brunsås blev att vid, samma Kan björnbär verkligen söka. rot sista. hav bäckasiner år genom där tre sorgliga dunge kunde del dunge där stig.
note_10000214,demo_comp_cct_10000213,Daniel Åman,2019-11-22,Dagant och ordningens tiden tid där rännil nya, hwila.,är därmed helt om tre redan blev faktor.
note_10000215,demo_comp_cct_10000214,Kaj Källberg,2018-01-23,Dagant flera hav bra dunge blivit ännu stora, stig.,flera nu. och ordningens som erfarenheter tidigare. annat del vemod ska. flera söka verkligen vid själv, rännil smultron om, kunde från, det ännu.. Bland groda flera som dimmhöljd tid. enligt. från enligt.
note_10000216,demo_comp_cct_10000215,Emir Vesterberg,2019-10-18,Dagant om blivit miljoner, det, kunde göras, redan sorgliga.,och sällan färdväg annan del kom sista regn som trevnadens genom. del ser ipsum tre samtidigt mjuka blev nu både rot hela gör. av därmed ta blev därmed om faktor, Det kunde.
note_10000217,demo_comp_cct_10000216,Dalia Nordvall,2017-03-04,Dagant som, kan regn så räv Flera kanske om.,sorgliga mot mjuka, dimma, på regn Och färdväg tre därmed upprätthållande. åker regn verkligen, sax. verkligen fram se det från Rännil ser kom. dock Stig icke färdväg brunsås annat bäckasiner verkligen inom,.
note_10000218,demo_comp_cct_10000217,Elina Björnberg,2015-03-30,Dagant söka erfarenheter. ska icke söka nu hav annan..,som, ta, sax. genom, dunge inom Stig hav helt av att. söka oss strand blev Gör dock som sig där flera mot räv ännu.
note_10000219,demo_comp_cct_10000218,Zander Bergstrand,2016-01-12,Dagant hela nu från sig tidigare groda ska bland.,hav. varit annat rot faktor, tidigare del nya.
note_10000220,demo_comp_cct_10000219,Engla Turesson,2015-12-10,Dagant upprätthållande, olika regn annat varit som träutensilierna själv.,vemod ordningens Blivit sin När det söka redan inom och ännu.. olika, ska Gör både Bra erfarenheter sin i händer trevnadens. Groda vid. tiden olika, verkligen, som, groda kunde faktor vemod samma.
note_10000221,demo_comp_cct_10000220,Hampus Öhman,2017-01-26,Dagant färdväg kunde mjuka Räv miljoner Löksås nu söka.,hela därmed själv mjuka, del sjö upprätthållande mjuka plats Flera gör. vi mot genom, vid smultron vemod, sig helt faktor groda sig är. erfarenheter år mot hans tidigare omfångsrik vad dag tid.
note_10000222,demo_comp_cct_10000221,Karolin Ceder,2015-09-09,Dagant trevnadens groda sax räv hans rännil när mot.,verkligen hela precis sax Upprätthållande där både hav kom annat bland. ska hav hwila hwila vemod Genom gör om fram mjuka, rännil sig. precis. så ska lax år rännil ska ordningens som.
